gid,role,role_score,cluster_id,priority_score,evidence
100000000011452100,peripheral,0.5,1,0.6228,Заглушка
100000000018102100,peripheral,0.5,1,0.048,Заглушка
100000000031787100,peripheral,0.5,1,0.5712,Заглушка
100000000041368100,peripheral,0.5,1,0.6873,Заглушка
100000000076451100,peripheral,0.5,1,0.5649,Заглушка
100000000089154100,peripheral,0.5,1,0.8514,Заглушка
100000000190228100,peripheral,0.5,1,0.3125,Заглушка
100000000201868100,peripheral,0.5,1,0.7169,Заглушка
100000000254336100,peripheral,0.5,1,0.5899,Заглушка
100000000267734100,peripheral,0.5,1,0.7903,Заглушка
100000000274067100,peripheral,0.5,1,0.9867,Заглушка
100000000287768100,peripheral,0.5,1,0.3634,Заглушка
100000000288317100,peripheral,0.5,1,0.6005,Заглушка
100000000291906100,peripheral,0.5,1,0.8634,Заглушка
100000000291908100,peripheral,0.5,1,0.798,Заглушка
100000000297649100,peripheral,0.5,1,0.5267,Заглушка
100000000299820100,peripheral,0.5,1,0.0841,Заглушка
100000000307908100,peripheral,0.5,2,0.0165,Заглушка
100000000331309100,peripheral,0.5,1,1.0,Заглушка
100000000332284100,peripheral,0.5,1,0.7954,Заглушка
100000000343175100,peripheral,0.5,1,0.9924,Заглушка
100000000369781100,peripheral,0.5,1,0.0165,Заглушка
100000000375150100,peripheral,0.5,1,0.8043,Заглушка
100000000404740100,peripheral,0.5,1,0.2751,Заглушка
100000000408846100,peripheral,0.5,1,0.3903,Заглушка
100000000413678100,peripheral,0.5,1,0.8857,Заглушка
100000000424935100,peripheral,0.5,1,0.145,Заглушка
100000000425407100,peripheral,0.5,1,0.2153,Заглушка
100000000437046100,peripheral,0.5,1,0.9978,Заглушка
100000000440392100,peripheral,0.5,1,0.6161,Заглушка
100000000456947100,peripheral,0.5,3,0.0044,Заглушка
100000000470237100,peripheral,0.5,1,0.3476,Заглушка
100000000481716100,peripheral,0.5,1,0.0552,Заглушка
100000000489417100,peripheral,0.5,1,0.5474,Заглушка
100000000490383100,peripheral,0.5,1,0.8661,Заглушка
100000000500040100,peripheral,0.5,1,0.2153,Заглушка
100000000507799100,peripheral,0.5,1,0.0552,Заглушка
100000000533217100,peripheral,0.5,1,0.472,Заглушка
100000000534581100,peripheral,0.5,1,0.4844,Заглушка
100000000542087100,peripheral,0.5,1,0.0601,Заглушка
100000000552584100,peripheral,0.5,1,0.9827,Заглушка
100000000555721100,peripheral,0.5,1,0.629,Заглушка
100000000557536100,peripheral,0.5,1,0.6799,Заглушка
100000000560751100,peripheral,0.5,1,0.2751,Заглушка
100000000561160100,peripheral,0.5,1,0.7605,Заглушка
100000000569479100,peripheral,0.5,1,0.8136,Заглушка
100000000572276100,peripheral,0.5,4,0.357,Заглушка
100000000580561100,peripheral,0.5,5,0.9609,Заглушка
100000000581662100,peripheral,0.5,1,0.2349,Заглушка
100000000581682100,peripheral,0.5,1,0.0165,Заглушка
100000000583220100,peripheral,0.5,1,0.9193,Заглушка
100000000594783100,peripheral,0.5,1,0.9844,Заглушка
100000000596954100,peripheral,0.5,1,0.6366,Заглушка
100000000600707100,peripheral,0.5,1,0.5674,Заглушка
100000000607731100,peripheral,0.5,6,0.5149,Заглушка
100000000607941100,peripheral,0.5,1,0.5218,Заглушка
100000000608031100,peripheral,0.5,1,0.3263,Заглушка
100000000611474100,peripheral,0.5,1,0.3454,Заглушка
100000000625169100,peripheral,0.5,4,0.0841,Заглушка
100000000627521100,peripheral,0.5,1,0.0427,Заглушка
100000000629812100,peripheral,0.5,1,0.2391,Заглушка
100000000634341100,peripheral,0.5,1,0.2609,Заглушка
100000000640800100,peripheral,0.5,1,0.8839,Заглушка
100000000646541100,peripheral,0.5,1,0.2843,Заглушка
100000000655469100,peripheral,0.5,1,0.2153,Заглушка
100000000656682100,peripheral,0.5,1,0.5474,Заглушка
100000000661131100,peripheral,0.5,4,0.1579,Заглушка
100000000661912100,peripheral,0.5,1,0.8541,Заглушка
100000000667713100,peripheral,0.5,1,0.6348,Заглушка
100000000673868100,peripheral,0.5,1,0.976,Заглушка
100000000673915100,peripheral,0.5,1,0.2275,Заглушка
100000000703894100,peripheral,0.5,6,0.6366,Заглушка
100000000703902100,peripheral,0.5,4,0.286,Заглушка
100000000704700100,peripheral,0.5,7,0.0841,Заглушка
100000000706545100,peripheral,0.5,1,0.9413,Заглушка
100000000718427100,peripheral,0.5,4,0.0376,Заглушка
100000000723383100,peripheral,0.5,1,0.5345,Заглушка
100000000724540100,peripheral,0.5,1,0.6005,Заглушка
100000000733373100,peripheral,0.5,1,0.1005,Заглушка
100000000733451100,peripheral,0.5,1,0.8043,Заглушка
100000000733940100,peripheral,0.5,1,0.9186,Заглушка
100000000737152100,peripheral,0.5,1,0.3612,Заглушка
100000000749118100,peripheral,0.5,1,0.1695,Заглушка
100000000764836100,peripheral,0.5,1,0.7718,Заглушка
100000000765628100,peripheral,0.5,1,0.0165,Заглушка
100000000769919100,peripheral,0.5,8,0.7685,Заглушка
100000000782285100,peripheral,0.5,1,0.0414,Заглушка
100000000783406100,peripheral,0.5,1,0.0403,Заглушка
100000000785800100,peripheral,0.5,9,0.2002,Заглушка
100000000790311100,peripheral,0.5,1,0.4177,Заглушка
100000000791285100,peripheral,0.5,1,0.9448,Заглушка
100000000795033100,peripheral,0.5,1,0.1962,Заглушка
100000000795129100,peripheral,0.5,1,0.8167,Заглушка
100000000795374100,peripheral,0.5,1,0.4477,Заглушка
100000000802149100,peripheral,0.5,1,0.6134,Заглушка
100000000803368100,peripheral,0.5,1,0.6579,Заглушка
100000000806727100,peripheral,0.5,1,0.409,Заглушка
100000000810551100,peripheral,0.5,1,0.6005,Заглушка
100000000817146100,peripheral,0.5,1,0.5249,Заглушка
100000000821507100,peripheral,0.5,1,0.845,Заглушка
100000000831684100,peripheral,0.5,1,0.4477,Заглушка
100000000838385100,peripheral,0.5,1,0.8556,Заглушка
100000000850297100,peripheral,0.5,1,0.1819,Заглушка
100000000860514100,peripheral,0.5,1,0.4477,Заглушка
100000000861294100,peripheral,0.5,1,0.6739,Заглушка
100000000870121100,peripheral,0.5,1,0.1105,Заглушка
100000000878006100,peripheral,0.5,1,0.4244,Заглушка
100000000896111100,peripheral,0.5,1,0.7945,Заглушка
100000000907277100,peripheral,0.5,4,0.1831,Заглушка
100000000910216100,peripheral,0.5,1,0.5282,Заглушка
100000000912487100,peripheral,0.5,1,0.0841,Заглушка
100000000913911100,peripheral,0.5,1,0.899,Заглушка
100000000917179100,peripheral,0.5,1,0.5814,Заглушка
100000000922570100,peripheral,0.5,1,0.4477,Заглушка
100000000926078100,peripheral,0.5,1,0.7685,Заглушка
100000000926766100,peripheral,0.5,1,0.1984,Заглушка
100000000933075100,peripheral,0.5,1,0.48,Заглушка
100000000941942100,peripheral,0.5,1,0.647,Заглушка
100000000942301100,peripheral,0.5,1,0.4889,Заглушка
100000000943371100,peripheral,0.5,1,0.1541,Заглушка
100000000945428100,peripheral,0.5,1,0.5685,Заглушка
100000000954884100,peripheral,0.5,1,0.3539,Заглушка
100000000955444100,peripheral,0.5,5,0.0458,Заглушка
100000000955529100,peripheral,0.5,1,0.5049,Заглушка
100000000957746100,peripheral,0.5,1,0.028,Заглушка
100000000961900100,peripheral,0.5,1,0.3674,Заглушка
100000000967918100,peripheral,0.5,1,0.2355,Заглушка
100000000968253100,peripheral,0.5,4,0.145,Заглушка
100000000971908100,peripheral,0.5,1,0.5674,Заглушка
100000000976943100,peripheral,0.5,1,0.5576,Заглушка
100000000978041100,peripheral,0.5,4,0.403,Заглушка
100000000979567100,peripheral,0.5,4,0.0841,Заглушка
100000000979923100,peripheral,0.5,1,0.5905,Заглушка
100000000981693100,peripheral,0.5,1,0.1695,Заглушка
100000000993112100,peripheral,0.5,1,0.663,Заглушка
100000000998559100,peripheral,0.5,1,0.6005,Заглушка
100000001009583100,peripheral,0.5,1,0.8425,Заглушка
100000001046057100,peripheral,0.5,1,0.5565,Заглушка
100000001046626100,peripheral,0.5,1,0.6739,Заглушка
100000001049200100,peripheral,0.5,1,0.54,Заглушка
100000001052789100,peripheral,0.5,1,0.5276,Заглушка
100000001052945100,peripheral,0.5,1,0.9649,Заглушка
100000001053894100,peripheral,0.5,1,0.9751,Заглушка
100000001056414100,peripheral,0.5,1,0.7685,Заглушка
100000001063678100,peripheral,0.5,1,0.5712,Заглушка
100000001065234100,peripheral,0.5,1,0.8296,Заглушка
100000001065481100,peripheral,0.5,1,0.1641,Заглушка
100000001066017100,peripheral,0.5,1,0.6539,Заглушка
100000001072022100,peripheral,0.5,1,0.9662,Заглушка
100000001073568100,peripheral,0.5,1,0.9115,Заглушка
100000001074553100,peripheral,0.5,1,0.3136,Заглушка
100000001083990100,peripheral,0.5,1,0.4399,Заглушка
100000001089055100,peripheral,0.5,1,0.1219,Заглушка
100000001102676100,peripheral,0.5,1,0.4477,Заглушка
100000001103905100,peripheral,0.5,4,0.1922,Заглушка
100000001110358100,peripheral,0.5,1,0.3454,Заглушка
100000001111763100,peripheral,0.5,4,0.1755,Заглушка
100000001114385100,peripheral,0.5,1,0.3176,Заглушка
100000001126374100,peripheral,0.5,1,0.71,Заглушка
100000001130176100,peripheral,0.5,1,0.2751,Заглушка
100000001130553100,peripheral,0.5,1,0.1922,Заглушка
100000001131403100,peripheral,0.5,1,0.9644,Заглушка
100000001138283100,peripheral,0.5,1,0.5525,Заглушка
100000001138376100,peripheral,0.5,1,0.153,Заглушка
100000001140785100,peripheral,0.5,1,0.7411,Заглушка
100000001141268100,peripheral,0.5,1,0.8697,Заглушка
100000001145749100,peripheral,0.5,1,0.0841,Заглушка
100000001149815100,peripheral,0.5,4,0.1105,Заглушка
100000001155773100,peripheral,0.5,4,0.2371,Заглушка
100000001160401100,peripheral,0.5,1,0.4264,Заглушка
100000001162560100,peripheral,0.5,1,0.9862,Заглушка
100000001164648100,peripheral,0.5,1,0.1268,Заглушка
100000001166289100,peripheral,0.5,4,0.9146,Заглушка
100000001169666100,peripheral,0.5,1,0.7444,Заглушка
100000001184915100,peripheral,0.5,1,0.7344,Заглушка
100000001194266100,peripheral,0.5,1,0.4477,Заглушка
100000001202637100,peripheral,0.5,1,0.0841,Заглушка
100000001202787100,peripheral,0.5,1,0.1379,Заглушка
100000001220124100,peripheral,0.5,1,0.3848,Заглушка
100000001222245100,peripheral,0.5,1,0.8499,Заглушка
100000001222263100,peripheral,0.5,1,0.9177,Заглушка
100000001223977100,peripheral,0.5,1,0.1922,Заглушка
100000001227106100,peripheral,0.5,1,0.6913,Заглушка
100000001229743100,peripheral,0.5,1,0.0641,Заглушка
100000001232297100,peripheral,0.5,1,0.409,Заглушка
100000001236706100,peripheral,0.5,1,0.6659,Заглушка
100000001241318100,peripheral,0.5,1,0.4682,Заглушка
100000001246806100,peripheral,0.5,1,0.647,Заглушка
100000001248999100,peripheral,0.5,1,0.2504,Заглушка
100000001249054100,peripheral,0.5,1,0.1802,Заглушка
100000001250022100,peripheral,0.5,1,0.4477,Заглушка
100000001251686100,peripheral,0.5,1,0.1922,Заглушка
100000001252290100,peripheral,0.5,1,0.6637,Заглушка
100000001253557100,peripheral,0.5,1,0.7384,Заглушка
100000001256409100,peripheral,0.5,1,0.0552,Заглушка
100000001262647100,peripheral,0.5,1,0.254,Заглушка
100000001270349100,peripheral,0.5,1,0.7304,Заглушка
100000001270470100,peripheral,0.5,1,0.3098,Заглушка
100000001273783100,peripheral,0.5,1,0.2491,Заглушка
100000001275557100,peripheral,0.5,1,0.2153,Заглушка
100000001275752100,peripheral,0.5,1,0.6784,Заглушка
100000001276409100,peripheral,0.5,1,0.5836,Заглушка
100000001279272100,peripheral,0.5,1,0.7685,Заглушка
100000001279875100,peripheral,0.5,1,0.4377,Заглушка
100000001280798100,peripheral,0.5,1,0.2585,Заглушка
100000001282143100,peripheral,0.5,1,0.9671,Заглушка
100000001285440100,peripheral,0.5,1,0.7629,Заглушка
100000001286703100,peripheral,0.5,1,0.2291,Заглушка
100000001287955100,peripheral,0.5,1,0.8109,Заглушка
100000001290243100,peripheral,0.5,1,0.0841,Заглушка
100000001297206100,peripheral,0.5,1,0.0449,Заглушка
100000001298099100,peripheral,0.5,1,0.2002,Заглушка
100000001299323100,peripheral,0.5,1,0.6203,Заглушка
100000001299443100,peripheral,0.5,1,0.0552,Заглушка
100000001299828100,peripheral,0.5,1,0.6005,Заглушка
100000001303311100,peripheral,0.5,1,0.9542,Заглушка
100000001307612100,peripheral,0.5,4,0.3772,Заглушка
100000001308856100,peripheral,0.5,4,0.3027,Заглушка
100000001311175100,peripheral,0.5,1,0.8043,Заглушка
100000001317336100,peripheral,0.5,1,0.9684,Заглушка
100000001325618100,peripheral,0.5,1,0.0667,Заглушка
100000001329153100,peripheral,0.5,1,0.6775,Заглушка
100000001330595100,peripheral,0.5,7,0.6817,Заглушка
100000001330685100,peripheral,0.5,1,0.9818,Заглушка
100000001339466100,peripheral,0.5,1,0.3263,Заглушка
100000001346560100,peripheral,0.5,1,0.2415,Заглушка
100000001362940100,peripheral,0.5,1,0.55,Заглушка
100000001363952100,peripheral,0.5,1,0.7224,Заглушка
100000001373265100,peripheral,0.5,1,0.6655,Заглушка
100000001378288100,peripheral,0.5,1,0.7807,Заглушка
100000001379511100,peripheral,0.5,1,0.48,Заглушка
100000001380054100,peripheral,0.5,6,0.8296,Заглушка
100000001380107100,peripheral,0.5,1,0.0376,Заглушка
100000001380986100,peripheral,0.5,1,0.5258,Заглушка
100000001382002100,peripheral,0.5,1,0.4858,Заглушка
100000001384826100,peripheral,0.5,1,0.8319,Заглушка
100000001386612100,peripheral,0.5,1,0.5036,Заглушка
100000001389255100,peripheral,0.5,4,0.1664,Заглушка
100000001411870100,peripheral,0.5,1,0.9319,Заглушка
100000001415126100,peripheral,0.5,1,0.3027,Заглушка
100000001418900100,peripheral,0.5,4,0.3888,Заглушка
100000001420847100,peripheral,0.5,1,0.2153,Заглушка
100000001427082100,peripheral,0.5,1,0.6406,Заглушка
100000001429930100,peripheral,0.5,1,0.2883,Заглушка
100000001439416100,peripheral,0.5,1,0.6928,Заглушка
100000001445848100,peripheral,0.5,1,0.8892,Заглушка
100000001463701100,peripheral,0.5,1,0.903,Заглушка
100000001471706100,peripheral,0.5,1,0.8356,Заглушка
100000001477796100,peripheral,0.5,1,0.7095,Заглушка
100000001484381100,peripheral,0.5,1,0.5867,Заглушка
100000001490461100,peripheral,0.5,1,0.2153,Заглушка
100000001498732100,peripheral,0.5,1,0.032,Заглушка
100000001524952100,peripheral,0.5,1,0.613,Заглушка
100000001526235100,peripheral,0.5,1,0.855,Заглушка
100000001527186100,peripheral,0.5,1,0.9066,Заглушка
100000001530709100,peripheral,0.5,1,0.4738,Заглушка
100000001530740100,peripheral,0.5,1,0.145,Заглушка
100000001530983100,peripheral,0.5,1,0.9698,Заглушка
100000001533161100,peripheral,0.5,1,0.6005,Заглушка
100000001534244100,peripheral,0.5,1,0.8323,Заглушка
100000001537524100,peripheral,0.5,1,0.6739,Заглушка
100000001538095100,peripheral,0.5,1,0.7885,Заглушка
100000001541418100,peripheral,0.5,1,0.5881,Заглушка
100000001549194100,peripheral,0.5,1,0.419,Заглушка
100000001550388100,peripheral,0.5,1,0.4477,Заглушка
100000001550419100,peripheral,0.5,1,0.2467,Заглушка
100000001554432100,peripheral,0.5,1,0.4733,Заглушка
100000001557930100,peripheral,0.5,1,0.3577,Заглушка
100000001567366100,peripheral,0.5,1,0.9262,Заглушка
100000001578517100,peripheral,0.5,1,0.3263,Заглушка
100000001584286100,peripheral,0.5,1,0.9164,Заглушка
100000001590795100,peripheral,0.5,1,0.0245,Заглушка
100000001597424100,peripheral,0.5,1,0.4297,Заглушка
100000001597505100,peripheral,0.5,1,0.2985,Заглушка
100000001598625100,peripheral,0.5,1,0.2751,Заглушка
100000001600934100,peripheral,0.5,1,0.7082,Заглушка
100000001601320100,peripheral,0.5,1,0.4166,Заглушка
100000001609499100,peripheral,0.5,1,0.7762,Заглушка
100000001611488100,peripheral,0.5,1,0.9213,Заглушка
100000001616816100,peripheral,0.5,1,0.7086,Заглушка
100000001632325100,peripheral,0.5,4,0.5618,Заглушка
100000001633685100,peripheral,0.5,1,0.409,Заглушка
100000001637376100,peripheral,0.5,1,0.7533,Заглушка
100000001639766100,peripheral,0.5,1,0.2153,Заглушка
100000001641789100,peripheral,0.5,1,0.1873,Заглушка
100000001641951100,peripheral,0.5,1,0.2751,Заглушка
100000001648936100,peripheral,0.5,1,0.5778,Заглушка
100000001650895100,peripheral,0.5,1,0.681,Заглушка
100000001660397100,peripheral,0.5,1,0.4353,Заглушка
100000001669260100,peripheral,0.5,1,0.8777,Заглушка
100000001674850100,peripheral,0.5,1,0.7567,Заглушка
100000001677389100,peripheral,0.5,1,0.1036,Заглушка
100000001677929100,peripheral,0.5,1,0.7936,Заглушка
100000001680944100,peripheral,0.5,1,0.8416,Заглушка
100000001684867100,peripheral,0.5,1,0.3359,Заглушка
100000001686328100,peripheral,0.5,1,0.6599,Заглушка
100000001688676100,peripheral,0.5,1,0.6508,Заглушка
100000001689968100,peripheral,0.5,1,0.823,Заглушка
100000001690439100,peripheral,0.5,1,0.1337,Заглушка
100000001690558100,peripheral,0.5,1,0.9168,Заглушка
100000001696818100,peripheral,0.5,1,0.4713,Заглушка
100000001697501100,peripheral,0.5,4,0.9604,Заглушка
100000001703168100,peripheral,0.5,1,0.5712,Заглушка
100000001714173100,peripheral,0.5,1,0.9044,Заглушка
100000001714413100,peripheral,0.5,1,0.7709,Заглушка
100000001714883100,peripheral,0.5,1,0.0454,Заглушка
100000001716579100,peripheral,0.5,4,0.1277,Заглушка
100000001724740100,peripheral,0.5,1,0.7117,Заглушка
100000001726614100,peripheral,0.5,1,0.657,Заглушка
100000001732159100,peripheral,0.5,1,0.9809,Заглушка
100000001733216100,peripheral,0.5,1,0.496,Заглушка
100000001733687100,peripheral,0.5,1,0.8043,Заглушка
100000001737722100,peripheral,0.5,1,0.5,Заглушка
100000001740277100,peripheral,0.5,1,0.0614,Заглушка
100000001745217100,peripheral,0.5,1,0.4477,Заглушка
100000001746925100,peripheral,0.5,1,0.5116,Заглушка
100000001782980100,peripheral,0.5,6,0.8975,Заглушка
100000001784279100,peripheral,0.5,1,0.3657,Заглушка
100000001785161100,peripheral,0.5,1,0.3263,Заглушка
100000001788284100,peripheral,0.5,1,0.7998,Заглушка
100000001805543100,peripheral,0.5,1,0.4924,Заглушка
100000001808684100,peripheral,0.5,1,0.431,Заглушка
100000001816678100,peripheral,0.5,1,0.496,Заглушка
100000001818442100,peripheral,0.5,1,0.3959,Заглушка
100000001819396100,peripheral,0.5,1,0.6953,Заглушка
100000001822623100,peripheral,0.5,1,0.7349,Заглушка
100000001822650100,peripheral,0.5,1,0.6266,Заглушка
100000001825934100,peripheral,0.5,1,0.589,Заглушка
100000001831496100,peripheral,0.5,1,0.8336,Заглушка
100000001835625100,peripheral,0.5,1,0.536,Заглушка
100000001837130100,peripheral,0.5,1,0.7037,Заглушка
100000001845505100,peripheral,0.5,1,0.2153,Заглушка
100000001848426100,peripheral,0.5,1,0.5863,Заглушка
100000001851289100,peripheral,0.5,1,0.621,Заглушка
100000001852140100,peripheral,0.5,10,0.3263,Заглушка
100000001853812100,peripheral,0.5,1,0.5218,Заглушка
100000001857829100,peripheral,0.5,1,0.9813,Заглушка
100000001860090100,peripheral,0.5,1,0.0165,Заглушка
100000001870116100,peripheral,0.5,4,0.2609,Заглушка
100000001872484100,peripheral,0.5,9,0.9286,Заглушка
100000001875167100,peripheral,0.5,1,0.9375,Заглушка
100000001875239100,peripheral,0.5,1,0.9124,Заглушка
100000001884825100,peripheral,0.5,1,0.8746,Заглушка
100000001887715100,peripheral,0.5,1,0.9551,Заглушка
100000001893287100,peripheral,0.5,1,0.6793,Заглушка
100000001899164100,peripheral,0.5,1,0.7967,Заглушка
100000001904863100,peripheral,0.5,1,0.8777,Заглушка
100000001924185100,peripheral,0.5,1,0.6779,Заглушка
100000001927599100,peripheral,0.5,1,0.7151,Заглушка
100000001929088100,peripheral,0.5,1,0.8434,Заглушка
100000001934935100,peripheral,0.5,1,0.6343,Заглушка
100000001937767100,peripheral,0.5,1,0.9731,Заглушка
100000001952325100,peripheral,0.5,4,0.544,Заглушка
100000001953577100,peripheral,0.5,4,0.1579,Заглушка
100000001954534100,peripheral,0.5,1,0.3848,Заглушка
100000001954903100,peripheral,0.5,1,0.3056,Заглушка
100000001957974100,peripheral,0.5,1,0.8777,Заглушка
100000001960517100,peripheral,0.5,1,0.7304,Заглушка
100000001961048100,peripheral,0.5,1,0.6739,Заглушка
100000001965374100,peripheral,0.5,1,0.988,Заглушка
100000001969496100,peripheral,0.5,1,0.2442,Заглушка
100000001985793100,peripheral,0.5,1,0.8499,Заглушка
100000001987030100,peripheral,0.5,1,0.3367,Заглушка
100000001991973100,peripheral,0.5,1,0.23,Заглушка
100000002015633100,peripheral,0.5,1,0.5841,Заглушка
100000002028158100,peripheral,0.5,1,0.3585,Заглушка
100000002032323100,peripheral,0.5,1,0.9402,Заглушка
100000002087788100,peripheral,0.5,1,0.6085,Заглушка
100000002095257100,peripheral,0.5,1,0.0592,Заглушка
100000002103448100,peripheral,0.5,4,0.3027,Заглушка
100000002109656100,peripheral,0.5,1,0.8777,Заглушка
100000002116705100,peripheral,0.5,4,0.1851,Заглушка
100000002119762100,peripheral,0.5,1,0.5427,Заглушка
100000002121357100,peripheral,0.5,1,0.7722,Заглушка
100000002126791100,peripheral,0.5,1,0.9535,Заглушка
100000002130400100,peripheral,0.5,1,0.0841,Заглушка
100000002132479100,peripheral,0.5,1,0.3263,Заглушка
100000002152857100,peripheral,0.5,1,0.9488,Заглушка
100000002156381100,peripheral,0.5,1,0.5009,Заглушка
100000002158488100,peripheral,0.5,4,0.3434,Заглушка
100000002170580100,peripheral,0.5,1,0.6739,Заглушка
100000002173070100,peripheral,0.5,1,0.3263,Заглушка
100000002173161100,peripheral,0.5,1,0.9577,Заглушка
100000002175422100,peripheral,0.5,1,0.9653,Заглушка
100000002182176100,peripheral,0.5,1,0.3968,Заглушка
100000002184107100,peripheral,0.5,1,0.0403,Заглушка
100000002185328100,peripheral,0.5,1,0.48,Заглушка
100000002188586100,peripheral,0.5,1,0.3768,Заглушка
100000002188829100,peripheral,0.5,1,0.845,Заглушка
100000002193259100,peripheral,0.5,1,0.4898,Заглушка
100000002194320100,peripheral,0.5,1,0.7849,Заглушка
100000002194329100,peripheral,0.5,1,0.2834,Заглушка
100000002199091100,peripheral,0.5,4,0.5093,Заглушка
100000002205022100,peripheral,0.5,1,0.8835,Заглушка
100000002208836100,peripheral,0.5,1,0.5712,Заглушка
100000002211413100,peripheral,0.5,4,0.3708,Заглушка
100000002212494100,peripheral,0.5,1,0.6873,Заглушка
100000002214207100,peripheral,0.5,1,0.589,Заглушка
100000002214301100,peripheral,0.5,1,0.2362,Заглушка
100000002214383100,peripheral,0.5,4,0.7395,Заглушка
100000002214570100,peripheral,0.5,4,0.2989,Заглушка
100000002214664100,peripheral,0.5,4,0.5411,Заглушка
100000002216999100,peripheral,0.5,4,0.2558,Заглушка
100000002217161100,peripheral,0.5,1,0.9364,Заглушка
100000002217806100,peripheral,0.5,1,0.48,Заглушка
100000002224132100,peripheral,0.5,1,0.9996,Заглушка
100000002227960100,peripheral,0.5,1,0.0841,Заглушка
100000002227989100,peripheral,0.5,1,0.2153,Заглушка
100000002229615100,peripheral,0.5,1,0.2751,Заглушка
100000002231144100,peripheral,0.5,1,0.145,Заглушка
100000002232266100,peripheral,0.5,1,0.409,Заглушка
100000002236528100,peripheral,0.5,1,0.5125,Заглушка
100000002241986100,peripheral,0.5,1,0.9875,Заглушка
100000002242066100,peripheral,0.5,1,0.496,Заглушка
100000002242455100,peripheral,0.5,1,0.6228,Заглушка
100000002243354100,peripheral,0.5,4,0.2304,Заглушка
100000002255058100,peripheral,0.5,1,0.8737,Заглушка
100000002257794100,peripheral,0.5,7,0.6817,Заглушка
100000002258492100,peripheral,0.5,1,0.0641,Заглушка
100000002267998100,peripheral,0.5,1,0.9444,Заглушка
100000002284426100,peripheral,0.5,1,0.5712,Заглушка
100000002289937100,peripheral,0.5,4,0.2153,Заглушка
100000002293421100,peripheral,0.5,1,0.423,Заглушка
100000002299948100,peripheral,0.5,1,0.0443,Заглушка
100000002301828100,peripheral,0.5,1,0.4217,Заглушка
100000002304943100,peripheral,0.5,1,0.145,Заглушка
100000002305007100,peripheral,0.5,4,0.4851,Заглушка
100000002305477100,peripheral,0.5,1,0.2153,Заглушка
100000002306369100,peripheral,0.5,1,0.7749,Заглушка
100000002308091100,peripheral,0.5,1,0.7131,Заглушка
100000002320495100,peripheral,0.5,1,0.1263,Заглушка
100000002324543100,peripheral,0.5,1,0.3345,Заглушка
100000002335358100,peripheral,0.5,1,0.6599,Заглушка
100000002340562100,peripheral,0.5,1,0.3697,Заглушка
100000002343825100,peripheral,0.5,1,0.8256,Заглушка
100000002346166100,peripheral,0.5,4,0.0376,Заглушка
100000002356167100,peripheral,0.5,1,0.8043,Заглушка
100000002369443100,peripheral,0.5,4,0.4477,Заглушка
100000002369454100,peripheral,0.5,1,0.2751,Заглушка
100000002369510100,peripheral,0.5,4,0.3717,Заглушка
100000002369874100,peripheral,0.5,1,0.899,Заглушка
100000002371751100,peripheral,0.5,8,0.7685,Заглушка
100000002371892100,peripheral,0.5,1,0.4004,Заглушка
100000002373144100,peripheral,0.5,1,0.4186,Заглушка
100000002373386100,peripheral,0.5,4,0.2609,Заглушка
100000002380341100,peripheral,0.5,1,0.488,Заглушка
100000002391278100,peripheral,0.5,1,0.4662,Заглушка
100000002394199100,peripheral,0.5,1,0.7865,Заглушка
100000002398779100,peripheral,0.5,1,0.9431,Заглушка
100000002404112100,peripheral,0.5,1,0.496,Заглушка
100000002432143100,peripheral,0.5,1,0.5507,Заглушка
100000002433697100,peripheral,0.5,1,0.647,Заглушка
100000002435265100,peripheral,0.5,1,0.6495,Заглушка
100000002443664100,peripheral,0.5,1,0.8928,Заглушка
100000002445750100,peripheral,0.5,1,0.5218,Заглушка
100000002448088100,peripheral,0.5,1,0.2751,Заглушка
100000002454724100,peripheral,0.5,1,0.6421,Заглушка
100000002457464100,peripheral,0.5,1,0.5142,Заглушка
100000002459093100,peripheral,0.5,1,0.8777,Заглушка
100000002459163100,peripheral,0.5,9,0.2269,Заглушка
100000002459164100,peripheral,0.5,1,0.2153,Заглушка
100000002459240100,peripheral,0.5,1,0.6739,Заглушка
100000002459832100,peripheral,0.5,1,0.931,Заглушка
100000002462183100,peripheral,0.5,11,0.6179,Заглушка
100000002469065100,peripheral,0.5,1,0.7304,Заглушка
100000002472632100,peripheral,0.5,1,0.8799,Заглушка
100000002474570100,peripheral,0.5,1,0.0443,Заглушка
100000002475601100,peripheral,0.5,1,0.7518,Заглушка
100000002478829100,peripheral,0.5,1,0.3539,Заглушка
100000002479804100,peripheral,0.5,1,0.4153,Заглушка
100000002480800100,peripheral,0.5,1,0.8937,Заглушка
100000002481735100,peripheral,0.5,1,0.2429,Заглушка
100000002481974100,peripheral,0.5,1,0.8127,Заглушка
100000002487222100,peripheral,0.5,1,0.5712,Заглушка
100000002488629100,peripheral,0.5,1,0.5305,Заглушка
100000002489253100,peripheral,0.5,1,0.4597,Заглушка
100000002492277100,peripheral,0.5,1,0.6566,Заглушка
100000002505277100,peripheral,0.5,1,0.496,Заглушка
100000002506987100,peripheral,0.5,1,0.3087,Заглушка
100000002508637100,peripheral,0.5,1,0.8096,Заглушка
100000002509598100,peripheral,0.5,1,0.8087,Заглушка
100000002511581100,peripheral,0.5,4,0.1851,Заглушка
100000002511825100,peripheral,0.5,1,0.5093,Заглушка
100000002512742100,peripheral,0.5,1,0.0376,Заглушка
100000002513028100,peripheral,0.5,1,0.8172,Заглушка
100000002514975100,peripheral,0.5,1,0.1879,Заглушка
100000002516862100,peripheral,0.5,1,0.552,Заглушка
100000002521039100,peripheral,0.5,1,0.8247,Заглушка
100000002527114100,peripheral,0.5,4,0.9893,Заглушка
100000002528544100,peripheral,0.5,1,0.7202,Заглушка
100000002528978100,peripheral,0.5,1,0.1615,Заглушка
100000002529877100,peripheral,0.5,1,0.7513,Заглушка
100000002529880100,peripheral,0.5,1,0.6699,Заглушка
100000002530224100,peripheral,0.5,1,0.629,Заглушка
100000002531406100,peripheral,0.5,1,0.8846,Заглушка
100000002534091100,peripheral,0.5,1,0.2415,Заглушка
100000002537811100,peripheral,0.5,1,0.4633,Заглушка
100000002539625100,peripheral,0.5,1,0.5827,Заглушка
100000002540033100,peripheral,0.5,1,0.0841,Заглушка
100000002540623100,peripheral,0.5,1,0.6005,Заглушка
100000002546921100,peripheral,0.5,1,0.2153,Заглушка
100000002547110100,peripheral,0.5,1,0.9626,Заглушка
100000002548759100,peripheral,0.5,1,0.8347,Заглушка
100000002550141100,peripheral,0.5,1,0.609,Заглушка
100000002554175100,peripheral,0.5,1,0.2665,Заглушка
100000002556775100,peripheral,0.5,1,0.8043,Заглушка
100000002558173100,peripheral,0.5,1,0.0667,Заглушка
100000002559089100,peripheral,0.5,1,0.9128,Заглушка
100000002565277100,peripheral,0.5,1,0.871,Заглушка
100000002566204100,peripheral,0.5,1,0.5494,Заглушка
100000002567887100,peripheral,0.5,1,0.4582,Заглушка
100000002570206100,peripheral,0.5,1,0.6962,Заглушка
100000002575080100,peripheral,0.5,1,0.1219,Заглушка
100000002578405100,peripheral,0.5,4,0.9884,Заглушка
100000002578653100,peripheral,0.5,1,0.2153,Заглушка
100000002580377100,peripheral,0.5,1,0.375,Заглушка
100000002581346100,peripheral,0.5,1,0.6957,Заглушка
100000002589019100,peripheral,0.5,1,0.3581,Заглушка
100000002591469100,peripheral,0.5,1,0.7553,Заглушка
100000002592567100,peripheral,0.5,1,0.4331,Заглушка
100000002593038100,peripheral,0.5,1,0.3116,Заглушка
100000002593344100,peripheral,0.5,1,0.8545,Заглушка
100000002594214100,peripheral,0.5,1,0.9375,Заглушка
100000002596035100,peripheral,0.5,1,0.7509,Заглушка
100000002596039100,peripheral,0.5,1,0.7885,Заглушка
100000002597003100,peripheral,0.5,1,0.1864,Заглушка
100000002597074100,peripheral,0.5,1,0.0552,Заглушка
100000002597623100,peripheral,0.5,1,0.1681,Заглушка
100000002599729100,peripheral,0.5,1,0.5093,Заглушка
100000002600345100,peripheral,0.5,1,0.4657,Заглушка
100000002603371100,peripheral,0.5,1,0.0667,Заглушка
100000002603478100,peripheral,0.5,1,0.2513,Заглушка
100000002603769100,peripheral,0.5,1,0.9475,Заглушка
100000002605184100,peripheral,0.5,1,0.6599,Заглушка
100000002605308100,peripheral,0.5,1,0.984,Заглушка
100000002605548100,peripheral,0.5,1,0.6317,Заглушка
100000002606567100,peripheral,0.5,1,0.4682,Заглушка
100000002609774100,peripheral,0.5,1,0.306,Заглушка
100000002611334100,peripheral,0.5,1,0.4302,Заглушка
100000002612809100,peripheral,0.5,1,0.6303,Заглушка
100000002613776100,peripheral,0.5,1,0.3263,Заглушка
100000002613929100,peripheral,0.5,1,0.3125,Заглушка
100000002614095100,peripheral,0.5,4,0.028,Заглушка
100000002615479100,peripheral,0.5,1,0.7444,Заглушка
100000002618492100,peripheral,0.5,1,0.7992,Заглушка
100000002621434100,peripheral,0.5,1,0.55,Заглушка
100000002621915100,peripheral,0.5,1,0.0165,Заглушка
100000002621949100,peripheral,0.5,1,0.6908,Заглушка
100000002622822100,peripheral,0.5,1,0.9181,Заглушка
100000002628146100,peripheral,0.5,1,0.3354,Заглушка
100000002628576100,peripheral,0.5,1,0.9159,Заглушка
100000002632742100,peripheral,0.5,1,0.7549,Заглушка
100000002633108100,peripheral,0.5,1,0.8136,Заглушка
100000002633701100,peripheral,0.5,1,0.7798,Заглушка
100000002635746100,peripheral,0.5,1,0.028,Заглушка
100000002635780100,peripheral,0.5,1,0.6895,Заглушка
100000002644285100,peripheral,0.5,1,0.8777,Заглушка
100000002645046100,peripheral,0.5,1,0.1105,Заглушка
100000002645609100,peripheral,0.5,1,0.8897,Заглушка
100000002645993100,peripheral,0.5,1,0.5641,Заглушка
100000002646745100,peripheral,0.5,4,0.1152,Заглушка
100000002646887100,peripheral,0.5,1,0.2651,Заглушка
100000002648315100,peripheral,0.5,1,0.649,Заглушка
100000002653187100,peripheral,0.5,1,0.145,Заглушка
100000002653948100,peripheral,0.5,1,0.5614,Заглушка
100000002659103100,peripheral,0.5,1,0.6928,Заглушка
100000002659265100,peripheral,0.5,1,0.663,Заглушка
100000002660298100,peripheral,0.5,1,0.3372,Заглушка
100000002662768100,peripheral,0.5,1,0.5583,Заглушка
100000002663511100,peripheral,0.5,1,0.7816,Заглушка
100000002666248100,peripheral,0.5,1,0.5254,Заглушка
100000002670463100,peripheral,0.5,1,0.3416,Заглушка
100000002670860100,peripheral,0.5,1,0.8601,Заглушка
100000002670960100,peripheral,0.5,1,0.8706,Заглушка
100000002671326100,peripheral,0.5,1,0.9402,Заглушка
100000002671806100,peripheral,0.5,1,0.1165,Заглушка
100000002677201100,peripheral,0.5,1,0.6739,Заглушка
100000002679516100,peripheral,0.5,1,0.6112,Заглушка
100000002680477100,peripheral,0.5,1,0.2751,Заглушка
100000002681449100,peripheral,0.5,1,0.6499,Заглушка
100000002681544100,peripheral,0.5,1,0.6948,Заглушка
100000002686226100,peripheral,0.5,1,0.8536,Заглушка
100000002689717100,peripheral,0.5,1,0.4288,Заглушка
100000002691583100,peripheral,0.5,1,0.7918,Заглушка
100000002691858100,peripheral,0.5,1,0.4622,Заглушка
100000002692044100,peripheral,0.5,1,0.589,Заглушка
100000002692750100,peripheral,0.5,1,0.6277,Заглушка
100000002695812100,peripheral,0.5,1,0.5852,Заглушка
100000002696152100,peripheral,0.5,1,0.5169,Заглушка
100000002697752100,peripheral,0.5,1,0.718,Заглушка
100000002700161100,peripheral,0.5,1,0.3786,Заглушка
100000002702968100,peripheral,0.5,1,0.3425,Заглушка
100000002703376100,peripheral,0.5,1,0.4195,Заглушка
100000002704875100,peripheral,0.5,1,0.7638,Заглушка
100000002705460100,peripheral,0.5,1,0.5852,Заглушка
100000002706810100,peripheral,0.5,1,0.409,Заглушка
100000002707106100,peripheral,0.5,1,0.145,Заглушка
100000002708624100,peripheral,0.5,1,0.2751,Заглушка
100000002710570100,peripheral,0.5,1,0.7464,Заглушка
100000002712416100,peripheral,0.5,1,0.6321,Заглушка
100000002713074100,peripheral,0.5,1,0.9104,Заглушка
100000002713974100,peripheral,0.5,1,0.4477,Заглушка
100000002718366100,peripheral,0.5,1,0.9831,Заглушка
100000002720627100,peripheral,0.5,1,0.726,Заглушка
100000002721825100,peripheral,0.5,1,0.1036,Заглушка
100000002722108100,peripheral,0.5,1,0.9235,Заглушка
100000002723439100,peripheral,0.5,1,0.1922,Заглушка
100000002723538100,peripheral,0.5,1,0.8932,Заглушка
100000002723674100,peripheral,0.5,1,0.3263,Заглушка
100000002726055100,peripheral,0.5,1,0.0841,Заглушка
100000002727288100,peripheral,0.5,1,0.1641,Заглушка
100000002728246100,peripheral,0.5,1,0.0841,Заглушка
100000002729875100,peripheral,0.5,1,0.5387,Заглушка
100000002731501100,peripheral,0.5,7,0.9266,Заглушка
100000002733083100,peripheral,0.5,1,0.1519,Заглушка
100000002733905100,peripheral,0.5,4,0.9133,Заглушка
100000002734815100,peripheral,0.5,1,0.6228,Заглушка
100000002736033100,peripheral,0.5,1,0.3563,Заглушка
100000002736316100,peripheral,0.5,1,0.7802,Заглушка
100000002737980100,peripheral,0.5,1,0.3483,Заглушка
100000002738256100,peripheral,0.5,12,0.7042,Заглушка
100000002741024100,peripheral,0.5,1,0.9253,Заглушка
100000002742067100,peripheral,0.5,1,0.1192,Заглушка
100000002744581100,peripheral,0.5,1,0.1105,Заглушка
100000002748040100,peripheral,0.5,1,0.1922,Заглушка
100000002748180100,peripheral,0.5,1,0.907,Заглушка
100000002748511100,peripheral,0.5,1,0.2153,Заглушка
100000002748532100,peripheral,0.5,1,0.9048,Заглушка
100000002748581100,peripheral,0.5,1,0.3928,Заглушка
100000002748761100,peripheral,0.5,1,0.923,Заглушка
100000002750332100,peripheral,0.5,1,0.1068,Заглушка
100000002750956100,peripheral,0.5,1,0.4284,Заглушка
100000002752565100,peripheral,0.5,1,0.4864,Заглушка
100000002753146100,peripheral,0.5,1,0.9239,Заглушка
100000002755292100,peripheral,0.5,1,0.7358,Заглушка
100000002757240100,peripheral,0.5,1,0.4613,Заглушка
100000002757791100,peripheral,0.5,1,0.5305,Заглушка
100000002757797100,peripheral,0.5,1,0.6005,Заглушка
100000002760175100,peripheral,0.5,1,0.7135,Заглушка
100000002762076100,peripheral,0.5,1,0.6619,Заглушка
100000002769809100,peripheral,0.5,1,0.6299,Заглушка
100000002773323100,peripheral,0.5,1,0.9468,Заглушка
100000002774456100,peripheral,0.5,1,0.4573,Заглушка
100000002778085100,peripheral,0.5,1,0.5138,Заглушка
100000002779485100,peripheral,0.5,1,0.5747,Заглушка
100000002781227100,peripheral,0.5,1,0.7389,Заглушка
100000002784085100,peripheral,0.5,1,0.7304,Заглушка
100000002791494100,peripheral,0.5,1,0.5623,Заглушка
100000002793851100,peripheral,0.5,1,0.1054,Заглушка
100000002793881100,peripheral,0.5,1,0.9217,Заглушка
100000002794197100,peripheral,0.5,1,0.3341,Заглушка
100000002794374100,peripheral,0.5,1,0.6254,Заглушка
100000002796853100,peripheral,0.5,1,0.7255,Заглушка
100000002799941100,peripheral,0.5,1,0.899,Заглушка
100000002807334100,peripheral,0.5,1,0.4773,Заглушка
100000002809568100,peripheral,0.5,1,0.0841,Заглушка
100000002809896100,peripheral,0.5,1,0.3759,Заглушка
100000002810870100,peripheral,0.5,4,0.351,Заглушка
100000002812641100,peripheral,0.5,1,0.0841,Заглушка
100000002815005100,peripheral,0.5,1,0.8679,Заглушка
100000002818726100,peripheral,0.5,1,0.1019,Заглушка
100000002820010100,peripheral,0.5,1,0.3263,Заглушка
100000002821425100,peripheral,0.5,1,0.7849,Заглушка
100000002822472100,peripheral,0.5,1,0.7789,Заглушка
100000002824176100,peripheral,0.5,1,0.6673,Заглушка
100000002826669100,peripheral,0.5,1,0.6859,Заглушка
100000002830055100,peripheral,0.5,4,0.1301,Заглушка
100000002831727100,peripheral,0.5,1,0.5427,Заглушка
100000002832753100,peripheral,0.5,1,0.1174,Заглушка
100000002835874100,peripheral,0.5,1,0.492,Заглушка
100000002836052100,peripheral,0.5,1,0.145,Заглушка
100000002836736100,peripheral,0.5,1,0.8812,Заглушка
100000002838519100,peripheral,0.5,1,0.4208,Заглушка
100000002838861100,peripheral,0.5,1,0.8919,Заглушка
100000002842321100,peripheral,0.5,1,0.6873,Заглушка
100000002842337100,peripheral,0.5,1,0.4477,Заглушка
100000002844652100,peripheral,0.5,1,0.5013,Заглушка
100000002844897100,peripheral,0.5,1,0.1014,Заглушка
100000002845605100,peripheral,0.5,1,0.4884,Заглушка
100000002847207100,peripheral,0.5,1,0.4173,Заглушка
100000002849158100,peripheral,0.5,1,0.9535,Заглушка
100000002852402100,peripheral,0.5,1,0.48,Заглушка
100000002858835100,peripheral,0.5,4,0.2656,Заглушка
100000002860934100,peripheral,0.5,1,0.7874,Заглушка
100000002861485100,peripheral,0.5,1,0.3172,Заглушка
100000002862113100,peripheral,0.5,1,0.4279,Заглушка
100000002863356100,peripheral,0.5,4,0.409,Заглушка
100000002864256100,peripheral,0.5,1,0.6535,Заглушка
100000002864680100,peripheral,0.5,1,0.484,Заглушка
100000002870463100,peripheral,0.5,1,0.7375,Заглушка
100000002870937100,peripheral,0.5,1,0.5569,Заглушка
100000002871199100,peripheral,0.5,1,0.2487,Заглушка
100000002872399100,peripheral,0.5,1,0.9426,Заглушка
100000002876914100,peripheral,0.5,1,0.1105,Заглушка
100000002877262100,peripheral,0.5,1,0.6005,Заглушка
100000002878467100,peripheral,0.5,1,0.7304,Заглушка
100000002878483100,peripheral,0.5,1,0.0376,Заглушка
100000002881669100,peripheral,0.5,1,0.1973,Заглушка
100000002883402100,peripheral,0.5,1,0.8043,Заглушка
100000002884708100,peripheral,0.5,1,0.9468,Заглушка
100000002886166100,peripheral,0.5,7,0.7117,Заглушка
100000002890167100,peripheral,0.5,1,0.633,Заглушка
100000002891765100,peripheral,0.5,1,0.4831,Заглушка
100000002893020100,peripheral,0.5,1,0.1966,Заглушка
100000002894076100,peripheral,0.5,1,0.9453,Заглушка
100000002896506100,peripheral,0.5,1,0.409,Заглушка
100000002901457100,peripheral,0.5,1,0.8207,Заглушка
100000002904919100,peripheral,0.5,1,0.4996,Заглушка
100000002906470100,peripheral,0.5,1,0.647,Заглушка
100000002908521100,peripheral,0.5,4,0.4041,Заглушка
100000002911170100,peripheral,0.5,1,0.8043,Заглушка
100000002913340100,peripheral,0.5,4,0.2533,Заглушка
100000002914245100,peripheral,0.5,1,0.6624,Заглушка
100000002916006100,peripheral,0.5,1,0.3454,Заглушка
100000002921047100,peripheral,0.5,1,0.8187,Заглушка
100000002922000100,peripheral,0.5,1,0.859,Заглушка
100000002926970100,peripheral,0.5,1,0.5601,Заглушка
100000002933386100,peripheral,0.5,1,0.4898,Заглушка
100000002934441100,peripheral,0.5,1,0.5004,Заглушка
100000002936322100,peripheral,0.5,1,0.9222,Заглушка
100000002938501100,peripheral,0.5,1,0.0581,Заглушка
100000002939838100,peripheral,0.5,1,0.8941,Заглушка
100000002941114100,peripheral,0.5,1,0.645,Заглушка
100000002943472100,peripheral,0.5,1,0.7015,Заглушка
100000002945031100,peripheral,0.5,1,0.145,Заглушка
100000002945626100,peripheral,0.5,1,0.8955,Заглушка
100000002947299100,peripheral,0.5,1,0.5601,Заглушка
100000002948492100,peripheral,0.5,1,0.2544,Заглушка
100000002951898100,peripheral,0.5,1,0.3817,Заглушка
100000002952631100,peripheral,0.5,1,0.4293,Заглушка
100000002952756100,peripheral,0.5,1,0.423,Заглушка
100000002954780100,peripheral,0.5,1,0.6504,Заглушка
100000002956769100,peripheral,0.5,1,0.927,Заглушка
100000002956779100,peripheral,0.5,1,0.8479,Заглушка
100000002956898100,peripheral,0.5,1,0.7963,Заглушка
100000002957306100,peripheral,0.5,1,0.8439,Заглушка
100000002957787100,peripheral,0.5,1,0.9515,Заглушка
100000002958139100,peripheral,0.5,1,0.738,Заглушка
100000002958286100,peripheral,0.5,1,0.7727,Заглушка
100000002958343100,peripheral,0.5,1,0.9858,Заглушка
100000002958345100,peripheral,0.5,1,0.8103,Заглушка
100000002963189100,peripheral,0.5,1,0.9964,Заглушка
100000002964966100,peripheral,0.5,1,0.7304,Заглушка
100000002968096100,peripheral,0.5,1,0.5218,Заглушка
100000002969048100,peripheral,0.5,1,0.6192,Заглушка
100000002970466100,peripheral,0.5,1,0.5792,Заглушка
100000002971593100,peripheral,0.5,1,0.4364,Заглушка
100000002973903100,peripheral,0.5,1,0.5783,Заглушка
100000002974256100,peripheral,0.5,1,0.0507,Заглушка
100000002975287100,peripheral,0.5,1,0.145,Заглушка
100000002975437100,peripheral,0.5,1,0.8868,Заглушка
100000002981489100,peripheral,0.5,1,0.0841,Заглушка
100000002981527100,peripheral,0.5,1,0.6982,Заглушка
100000002982252100,peripheral,0.5,4,0.2286,Заглушка
100000002983426100,peripheral,0.5,1,0.5667,Заглушка
100000002983879100,peripheral,0.5,1,0.734,Заглушка
100000002984403100,peripheral,0.5,1,0.2751,Заглушка
100000002986245100,peripheral,0.5,1,0.0347,Заглушка
100000002988894100,peripheral,0.5,1,0.8092,Заглушка
100000002989353100,peripheral,0.5,1,0.8777,Заглушка
100000002990675100,peripheral,0.5,1,0.4609,Заглушка
100000002991079100,peripheral,0.5,1,0.6708,Заглушка
100000002992171100,peripheral,0.5,4,0.1361,Заглушка
100000002994441100,peripheral,0.5,1,0.0165,Заглушка
100000002999140100,peripheral,0.5,1,0.0841,Заглушка
100000003001138100,peripheral,0.5,1,0.3263,Заглушка
100000003001564100,peripheral,0.5,1,0.7066,Заглушка
100000003001661100,peripheral,0.5,1,0.8568,Заглушка
100000003003821100,peripheral,0.5,1,0.3848,Заглушка
100000003004487100,peripheral,0.5,1,0.7776,Заглушка
100000003005167100,peripheral,0.5,1,0.048,Заглушка
100000003006633100,peripheral,0.5,1,0.0841,Заглушка
100000003009900100,peripheral,0.5,1,0.1619,Заглушка
100000003010908100,peripheral,0.5,1,0.1728,Заглушка
100000003014659100,peripheral,0.5,1,0.7885,Заглушка
100000003016438100,peripheral,0.5,1,0.8043,Заглушка
100000003016635100,peripheral,0.5,1,0.9991,Заглушка
100000003016773100,peripheral,0.5,1,0.4204,Заглушка
100000003022835100,peripheral,0.5,1,0.6421,Заглушка
100000003024542100,peripheral,0.5,1,0.0592,Заглушка
100000003025903100,peripheral,0.5,1,0.8399,Заглушка
100000003031003100,peripheral,0.5,1,0.7896,Заглушка
100000003031633100,peripheral,0.5,1,0.8483,Заглушка
100000003031761100,peripheral,0.5,1,0.8657,Заглушка
100000003031890100,peripheral,0.5,7,0.7411,Заглушка
100000003034546100,peripheral,0.5,1,0.8723,Заглушка
100000003035737100,peripheral,0.5,1,0.9248,Заглушка
100000003036198100,peripheral,0.5,1,0.145,Заглушка
100000003037476100,peripheral,0.5,1,0.8923,Заглушка
100000003037660100,peripheral,0.5,1,0.4682,Заглушка
100000003039473100,peripheral,0.5,1,0.2467,Заглушка
100000003040087100,peripheral,0.5,1,0.3152,Заглушка
100000003042994100,peripheral,0.5,1,0.7931,Заглушка
100000003044431100,peripheral,0.5,1,0.496,Заглушка
100000003044518100,peripheral,0.5,1,0.3554,Заглушка
100000003047800100,peripheral,0.5,1,0.1134,Заглушка
100000003050771100,peripheral,0.5,1,0.7482,Заглушка
100000003054328100,peripheral,0.5,1,0.7211,Заглушка
100000003057225100,peripheral,0.5,1,0.7558,Заглушка
100000003060187100,peripheral,0.5,1,0.5801,Заглушка
100000003060517100,peripheral,0.5,1,0.8118,Заглушка
100000003061115100,peripheral,0.5,1,0.409,Заглушка
100000003062895100,peripheral,0.5,1,0.8149,Заглушка
100000003066385100,peripheral,0.5,1,0.2153,Заглушка
100000003068941100,peripheral,0.5,1,0.5807,Заглушка
100000003069463100,peripheral,0.5,1,0.1879,Заглушка
100000003071649100,peripheral,0.5,1,0.7157,Заглушка
100000003071930100,peripheral,0.5,1,0.8688,Заглушка
100000003072205100,peripheral,0.5,1,0.6891,Заглушка
100000003072676100,peripheral,0.5,1,0.3421,Заглушка
100000003073398100,peripheral,0.5,1,0.5787,Заглушка
100000003073635100,peripheral,0.5,1,0.6455,Заглушка
100000003074515100,peripheral,0.5,1,0.615,Заглушка
100000003078839100,peripheral,0.5,1,0.1301,Заглушка
100000003083865100,peripheral,0.5,1,0.145,Заглушка
100000003084870100,peripheral,0.5,1,0.0427,Заглушка
100000003086040100,peripheral,0.5,1,0.0999,Заглушка
100000003087877100,peripheral,0.5,1,0.5761,Заглушка
100000003089018100,peripheral,0.5,1,0.7493,Заглушка
100000003089553100,peripheral,0.5,1,0.6739,Заглушка
100000003091142100,peripheral,0.5,1,0.3848,Заглушка
100000003093299100,peripheral,0.5,1,0.145,Заглушка
100000003095610100,peripheral,0.5,1,0.2549,Заглушка
100000003096787100,peripheral,0.5,1,0.1677,Заглушка
100000003097324100,peripheral,0.5,1,0.7972,Заглушка
100000003097947100,peripheral,0.5,1,0.4671,Заглушка
100000003102157100,peripheral,0.5,1,0.5876,Заглушка
100000003104347100,peripheral,0.5,1,0.8492,Заглушка
100000003105089100,peripheral,0.5,1,0.0841,Заглушка
100000003105929100,peripheral,0.5,1,0.8532,Заглушка
100000003109805100,peripheral,0.5,1,0.3701,Заглушка
100000003111305100,peripheral,0.5,1,0.8817,Заглушка
100000003112436100,peripheral,0.5,1,0.6005,Заглушка
100000003112578100,peripheral,0.5,1,0.6099,Заглушка
100000003115284100,peripheral,0.5,1,0.9769,Заглушка
100000003116106100,peripheral,0.5,1,0.8741,Заглушка
100000003119550100,peripheral,0.5,4,0.2327,Заглушка
100000003122817100,peripheral,0.5,1,0.8581,Заглушка
100000003123296100,peripheral,0.5,1,0.5627,Заглушка
100000003125997100,peripheral,0.5,1,0.5654,Заглушка
100000003128638100,peripheral,0.5,1,0.8043,Заглушка
100000003131016100,peripheral,0.5,1,0.847,Заглушка
100000003131693100,peripheral,0.5,1,0.8278,Заглушка
100000003132484100,peripheral,0.5,1,0.5712,Заглушка
100000003133045100,peripheral,0.5,1,0.5165,Заглушка
100000003134474100,peripheral,0.5,1,0.6312,Заглушка
100000003134550100,peripheral,0.5,1,0.6005,Заглушка
100000003134934100,peripheral,0.5,1,0.8363,Заглушка
100000003134937100,peripheral,0.5,1,0.0992,Заглушка
100000003146511100,peripheral,0.5,1,0.0841,Заглушка
100000003147719100,peripheral,0.5,1,0.6005,Заглушка
100000003148220100,peripheral,0.5,10,0.3999,Заглушка
100000003149149100,peripheral,0.5,1,0.7642,Заглушка
100000003152964100,peripheral,0.5,1,0.665,Заглушка
100000003154105100,peripheral,0.5,1,0.8187,Заглушка
100000003157333100,peripheral,0.5,1,0.3263,Заглушка
100000003157679100,peripheral,0.5,1,0.8883,Заглушка
100000003158727100,peripheral,0.5,1,0.8327,Заглушка
100000003159641100,peripheral,0.5,1,0.7233,Заглушка
100000003163256100,peripheral,0.5,1,0.145,Заглушка
100000003163886100,peripheral,0.5,1,0.8777,Заглушка
100000003164661100,peripheral,0.5,6,0.8975,Заглушка
100000003166017100,peripheral,0.5,1,0.145,Заглушка
100000003166755100,peripheral,0.5,1,0.2633,Заглушка
100000003171006100,peripheral,0.5,1,0.8719,Заглушка
100000003171587100,peripheral,0.5,1,0.9104,Заглушка
100000003173783100,peripheral,0.5,1,0.2513,Заглушка
100000003177533100,peripheral,0.5,1,0.2153,Заглушка
100000003178549100,peripheral,0.5,1,0.7685,Заглушка
100000003180305100,peripheral,0.5,1,0.6673,Заглушка
100000003180820100,peripheral,0.5,1,0.6094,Заглушка
100000003186579100,peripheral,0.5,1,0.6228,Заглушка
100000003187359100,peripheral,0.5,4,0.2015,Заглушка
100000003188607100,peripheral,0.5,1,0.1922,Заглушка
100000003190207100,peripheral,0.5,1,0.8356,Заглушка
100000003191430100,peripheral,0.5,1,0.7066,Заглушка
100000003192220100,peripheral,0.5,1,0.496,Заглушка
100000003192309100,peripheral,0.5,4,0.7395,Заглушка
100000003194831100,peripheral,0.5,1,0.0418,Заглушка
100000003199390100,peripheral,0.5,1,0.774,Заглушка
100000003200071100,peripheral,0.5,13,0.3263,Заглушка
100000003204491100,peripheral,0.5,1,0.6599,Заглушка
100000003205210100,peripheral,0.5,1,0.6557,Заглушка
100000003207060100,peripheral,0.5,1,0.4682,Заглушка
100000003213473100,peripheral,0.5,1,0.7605,Заглушка
100000003214786100,peripheral,0.5,1,0.0165,Заглушка
100000003215448100,peripheral,0.5,1,0.6401,Заглушка
100000003216073100,peripheral,0.5,1,0.5218,Заглушка
100000003218308100,peripheral,0.5,1,0.1063,Заглушка
100000003219438100,peripheral,0.5,1,0.3454,Заглушка
100000003220685100,peripheral,0.5,1,0.9526,Заглушка
100000003221384100,peripheral,0.5,1,0.883,Заглушка
100000003221510100,peripheral,0.5,1,0.6366,Заглушка
100000003230328100,peripheral,0.5,1,0.2994,Заглушка
100000003230329100,peripheral,0.5,1,0.6228,Заглушка
100000003232675100,peripheral,0.5,1,0.4008,Заглушка
100000003235780100,peripheral,0.5,1,0.5093,Заглушка
100000003237045100,peripheral,0.5,1,0.8216,Заглушка
100000003239379100,peripheral,0.5,1,0.5774,Заглушка
100000003239859100,peripheral,0.5,1,0.1973,Заглушка
100000003241965100,peripheral,0.5,1,0.145,Заглушка
100000003242289100,peripheral,0.5,1,0.9804,Заглушка
100000003242795100,peripheral,0.5,1,0.6254,Заглушка
100000003246024100,peripheral,0.5,1,0.2751,Заглушка
100000003247600100,peripheral,0.5,1,0.4898,Заглушка
100000003249054100,peripheral,0.5,1,0.5925,Заглушка
100000003252446100,peripheral,0.5,1,0.6197,Заглушка
100000003254277100,peripheral,0.5,1,0.4373,Заглушка
100000003254723100,peripheral,0.5,1,0.7825,Заглушка
100000003265158100,peripheral,0.5,1,0.6824,Заглушка
100000003265658100,peripheral,0.5,14,0.0044,Заглушка
100000003270419100,peripheral,0.5,1,0.6739,Заглушка
100000003271151100,peripheral,0.5,1,0.6441,Заглушка
100000003275398100,peripheral,0.5,7,0.8043,Заглушка
100000003278020100,peripheral,0.5,1,0.7169,Заглушка
100000003284932100,peripheral,0.5,1,0.5187,Заглушка
100000003286537100,peripheral,0.5,1,0.6799,Заглушка
100000003289281100,peripheral,0.5,1,0.3848,Заглушка
100000003289405100,peripheral,0.5,1,0.8283,Заглушка
100000003292191100,peripheral,0.5,1,0.6266,Заглушка
100000003292979100,peripheral,0.5,1,0.4342,Заглушка
100000003293377100,peripheral,0.5,1,0.4477,Заглушка
100000003299365100,peripheral,0.5,1,0.7304,Заглушка
100000003321423100,peripheral,0.5,1,0.6005,Заглушка
100000003321895100,peripheral,0.5,1,0.8915,Заглушка
100000003336565100,peripheral,0.5,4,0.1708,Заглушка
100000003338583100,peripheral,0.5,7,0.238,Заглушка
100000003345947100,peripheral,0.5,1,0.5458,Заглушка
100000003349739100,peripheral,0.5,15,0.0044,Заглушка
100000003360542100,peripheral,0.5,1,0.8123,Заглушка
100000003366154100,peripheral,0.5,1,0.7949,Заглушка
100000003366471100,peripheral,0.5,1,0.8158,Заглушка
100000003370425100,peripheral,0.5,1,0.2153,Заглушка
100000003377795100,peripheral,0.5,1,0.048,Заглушка
100000003390036100,peripheral,0.5,1,0.7504,Заглушка
100000003404627100,peripheral,0.5,1,0.9297,Заглушка
100000003406094100,peripheral,0.5,1,0.5218,Заглушка
100000003447411100,peripheral,0.5,1,0.8083,Заглушка
100000003448713100,peripheral,0.5,1,0.7794,Заглушка
100000003449074100,peripheral,0.5,1,0.0841,Заглушка
100000003457710100,peripheral,0.5,1,0.9526,Заглушка
100000003470579100,peripheral,0.5,1,0.8287,Заглушка
100000003476560100,peripheral,0.5,1,0.4477,Заглушка
100000003481025100,peripheral,0.5,1,0.0641,Заглушка
100000003484058100,peripheral,0.5,1,0.6228,Заглушка
100000003486846100,peripheral,0.5,1,0.3027,Заглушка
100000003486970100,peripheral,0.5,1,0.6739,Заглушка
100000003497735100,peripheral,0.5,1,0.6421,Заглушка
100000003500764100,peripheral,0.5,1,0.2327,Заглушка
100000003509750100,peripheral,0.5,1,0.5538,Заглушка
100000003528285100,peripheral,0.5,1,0.8901,Заглушка
100000003557488100,peripheral,0.5,1,0.9057,Заглушка
100000003561031100,peripheral,0.5,1,0.125,Заглушка
100000003567087100,peripheral,0.5,4,0.5031,Заглушка
100000003568904100,peripheral,0.5,1,0.4353,Заглушка
100000003574895100,peripheral,0.5,1,0.3069,Заглушка
100000003581109100,peripheral,0.5,1,0.3972,Заглушка
100000003582677100,peripheral,0.5,1,0.4851,Заглушка
100000003589877100,peripheral,0.5,1,0.8488,Заглушка
100000003594472100,peripheral,0.5,1,0.2153,Заглушка
100000003603979100,peripheral,0.5,7,0.6928,Заглушка
100000003610172100,peripheral,0.5,1,0.5218,Заглушка
100000003616818100,peripheral,0.5,7,0.7611,Заглушка
100000003617552100,peripheral,0.5,6,0.2751,Заглушка
100000003622955100,peripheral,0.5,1,0.145,Заглушка
100000003626268100,peripheral,0.5,1,0.0165,Заглушка
100000003631015100,peripheral,0.5,1,0.7785,Заглушка
100000003632533100,peripheral,0.5,1,0.0841,Заглушка
100000003635170100,peripheral,0.5,1,0.7811,Заглушка
100000003635660100,peripheral,0.5,1,0.1988,Заглушка
100000003636627100,peripheral,0.5,1,0.5427,Заглушка
100000003646145100,peripheral,0.5,1,0.0165,Заглушка
100000003647799100,peripheral,0.5,1,0.6005,Заглушка
100000003650146100,peripheral,0.5,1,0.1343,Заглушка
100000003664994100,peripheral,0.5,1,0.8194,Заглушка
100000003671721100,peripheral,0.5,1,0.0165,Заглушка
100000003677936100,peripheral,0.5,1,0.5282,Заглушка
100000003684369100,peripheral,0.5,1,0.9982,Заглушка
100000003692843100,peripheral,0.5,1,0.8821,Заглушка
100000003696422100,peripheral,0.5,1,0.6326,Заглушка
100000003701161100,peripheral,0.5,1,0.9631,Заглушка
100000003711830100,peripheral,0.5,1,0.4477,Заглушка
100000003713616100,peripheral,0.5,1,0.161,Заглушка
100000003718221100,peripheral,0.5,1,0.851,Заглушка
100000003718715100,peripheral,0.5,1,0.9331,Заглушка
100000003724440100,peripheral,0.5,1,0.4477,Заглушка
100000003736419100,peripheral,0.5,1,0.25,Заглушка
100000003739818100,peripheral,0.5,1,0.4875,Заглушка
100000003741418100,peripheral,0.5,1,0.6788,Заглушка
100000003747133100,peripheral,0.5,1,0.7685,Заглушка
100000003760160100,peripheral,0.5,1,0.6139,Заглушка
100000003770083100,peripheral,0.5,16,0.0044,Заглушка
100000003781406100,peripheral,0.5,1,0.409,Заглушка
100000003782913100,peripheral,0.5,1,0.7304,Заглушка
100000003786516100,peripheral,0.5,1,0.0165,Заглушка
100000003792647100,peripheral,0.5,1,0.0552,Заглушка
100000003795588100,peripheral,0.5,1,0.845,Заглушка
100000003796063100,peripheral,0.5,1,0.9346,Заглушка
100000003798151100,peripheral,0.5,1,0.8256,Заглушка
100000003809101100,peripheral,0.5,1,0.6944,Заглушка
100000003814002100,peripheral,0.5,1,0.3263,Заглушка
100000003819173100,peripheral,0.5,1,0.6664,Заглушка
100000003823811100,peripheral,0.5,1,0.5133,Заглушка
100000003824464100,peripheral,0.5,1,0.7304,Заглушка
100000003831201100,peripheral,0.5,1,0.3903,Заглушка
100000003831324100,peripheral,0.5,1,0.8043,Заглушка
100000003832231100,peripheral,0.5,1,0.3612,Заглушка
100000003834495100,peripheral,0.5,1,0.9004,Заглушка
100000003835149100,peripheral,0.5,1,0.9951,Заглушка
100000003838587100,peripheral,0.5,1,0.0376,Заглушка
100000003843844100,peripheral,0.5,1,0.7573,Заглушка
100000003854444100,peripheral,0.5,1,0.9795,Заглушка
100000003865939100,peripheral,0.5,17,0.5514,Заглушка
100000003873332100,peripheral,0.5,1,0.7927,Заглушка
100000003877908100,peripheral,0.5,1,0.3848,Заглушка
100000003880331100,peripheral,0.5,1,0.9915,Заглушка
100000003886323100,peripheral,0.5,1,0.5449,Заглушка
100000003888197100,peripheral,0.5,1,0.556,Заглушка
100000003888271100,peripheral,0.5,5,0.2865,Заглушка
100000003888527100,peripheral,0.5,1,0.3263,Заглушка
100000003896956100,peripheral,0.5,1,0.3027,Заглушка
100000003899325100,peripheral,0.5,1,0.456,Заглушка
100000003899899100,peripheral,0.5,1,0.7431,Заглушка
100000003900547100,peripheral,0.5,1,0.2571,Заглушка
100000003904497100,peripheral,0.5,1,0.0841,Заглушка
100000003917461100,peripheral,0.5,1,0.6599,Заглушка
100000003920950100,peripheral,0.5,1,0.8145,Заглушка
100000003922499100,peripheral,0.5,1,0.4477,Заглушка
100000003923946100,peripheral,0.5,1,0.9061,Заглушка
100000003927792100,peripheral,0.5,1,0.1237,Заглушка
100000003934614100,peripheral,0.5,1,0.1728,Заглушка
100000003942602100,peripheral,0.5,4,0.3263,Заглушка
100000003943247100,peripheral,0.5,1,0.3848,Заглушка
100000003943483100,peripheral,0.5,1,0.0841,Заглушка
100000003946524100,peripheral,0.5,1,0.6686,Заглушка
100000003950749100,peripheral,0.5,1,0.048,Заглушка
100000003951827100,peripheral,0.5,1,0.1728,Заглушка
100000003962994100,peripheral,0.5,1,0.0841,Заглушка
100000003964910100,peripheral,0.5,1,0.9375,Заглушка
100000003968044100,peripheral,0.5,1,0.8114,Заглушка
100000003970394100,peripheral,0.5,1,0.5601,Заглушка
100000003971049100,peripheral,0.5,1,0.4835,Заглушка
100000003975102100,peripheral,0.5,1,0.5663,Заглушка
100000003977183100,peripheral,0.5,1,0.9204,Заглушка
100000003980083100,peripheral,0.5,13,0.3263,Заглушка
100000003985389100,peripheral,0.5,1,0.8505,Заглушка
100000003986141100,peripheral,0.5,1,0.0271,Заглушка
100000003988112100,peripheral,0.5,1,0.5767,Заглушка
100000003989033100,peripheral,0.5,1,0.8341,Заглушка
100000003996562100,peripheral,0.5,1,0.0523,Заглушка
100000004004621100,peripheral,0.5,1,0.5365,Заглушка
100000004005964100,peripheral,0.5,7,0.5905,Заглушка
100000004006327100,peripheral,0.5,1,0.8043,Заглушка
100000004007116100,peripheral,0.5,7,0.9199,Заглушка
100000004007197100,peripheral,0.5,7,0.0983,Заглушка
100000004013952100,peripheral,0.5,1,0.032,Заглушка
100000004015047100,peripheral,0.5,1,0.9337,Заглушка
100000004017410100,peripheral,0.5,1,0.9546,Заглушка
100000004019056100,peripheral,0.5,1,0.4477,Заглушка
100000004019124100,peripheral,0.5,1,0.7206,Заглушка
100000004021459100,peripheral,0.5,18,0.0044,Заглушка
100000004030553100,peripheral,0.5,1,0.5218,Заглушка
100000004035925100,peripheral,0.5,1,0.944,Заглушка
100000004041163100,peripheral,0.5,1,0.9275,Заглушка
100000004041294100,peripheral,0.5,1,0.1868,Заглушка
100000004047887100,peripheral,0.5,1,0.3263,Заглушка
100000004049912100,peripheral,0.5,1,0.0841,Заглушка
100000004058740100,peripheral,0.5,4,0.3263,Заглушка
100000004064431100,peripheral,0.5,7,0.2883,Заглушка
100000004066370100,peripheral,0.5,1,0.5093,Заглушка
100000004066647100,peripheral,0.5,1,0.4597,Заглушка
100000004070318100,peripheral,0.5,1,0.8906,Заглушка
100000004070530100,peripheral,0.5,1,0.2153,Заглушка
100000004071070100,peripheral,0.5,1,0.3919,Заглушка
100000004071080100,peripheral,0.5,1,0.7589,Заглушка
100000004071444100,peripheral,0.5,1,0.7656,Заглушка
100000004076740100,peripheral,0.5,1,0.6421,Заглушка
100000004077081100,peripheral,0.5,1,0.9021,Заглушка
100000004094958100,peripheral,0.5,19,0.3848,Заглушка
100000004096559100,peripheral,0.5,1,0.4166,Заглушка
100000004097972100,peripheral,0.5,1,0.6339,Заглушка
100000004099450100,peripheral,0.5,1,0.3379,Заглушка
100000004105288100,peripheral,0.5,1,0.7411,Заглушка
100000004107228100,peripheral,0.5,1,0.0165,Заглушка
100000004114962100,peripheral,0.5,1,0.6928,Заглушка
100000004130144100,peripheral,0.5,1,0.7304,Заглушка
100000004134060100,peripheral,0.5,1,0.5658,Заглушка
100000004135268100,peripheral,0.5,12,0.9493,Заглушка
100000004140487100,peripheral,0.5,1,0.7758,Заглушка
100000004140994100,peripheral,0.5,4,0.198,Заглушка
100000004144536100,peripheral,0.5,7,0.6982,Заглушка
100000004150593100,peripheral,0.5,1,0.9279,Заглушка
100000004156082100,peripheral,0.5,1,0.9791,Заглушка
100000004158362100,peripheral,0.5,1,0.1105,Заглушка
100000004159526100,peripheral,0.5,1,0.7856,Заглушка
100000004160650100,peripheral,0.5,7,0.9613,Заглушка
100000004167082100,peripheral,0.5,1,0.125,Заглушка
100000004174835100,peripheral,0.5,20,0.0044,Заглушка
100000004177936100,peripheral,0.5,1,0.0841,Заглушка
100000004180097100,peripheral,0.5,1,0.6143,Заглушка
100000004183610100,peripheral,0.5,1,0.9331,Заглушка
100000004184158100,peripheral,0.5,1,0.7367,Заглушка
100000004185681100,peripheral,0.5,1,0.0841,Заглушка
100000004186824100,peripheral,0.5,1,0.8621,Заглушка
100000004188160100,peripheral,0.5,1,0.6512,Заглушка
100000004192107100,peripheral,0.5,1,0.2751,Заглушка
100000004192865100,peripheral,0.5,6,0.5149,Заглушка
100000004193835100,peripheral,0.5,1,0.423,Заглушка
100000004200745100,peripheral,0.5,1,0.647,Заглушка
100000004206046100,peripheral,0.5,1,0.1059,Заглушка
100000004209339100,peripheral,0.5,1,0.7582,Заглушка
100000004213658100,peripheral,0.5,4,0.2847,Заглушка
100000004217419100,peripheral,0.5,1,0.6335,Заглушка
100000004218576100,peripheral,0.5,4,0.2903,Заглушка
100000004221668100,peripheral,0.5,1,0.9457,Заглушка
100000004222274100,peripheral,0.5,1,0.1541,Заглушка
100000004225615100,peripheral,0.5,1,0.5712,Заглушка
100000004226848100,peripheral,0.5,1,0.8078,Заглушка
100000004232712100,peripheral,0.5,1,0.1174,Заглушка
100000004235471100,peripheral,0.5,1,0.7066,Заглушка
100000004241142100,peripheral,0.5,1,0.3052,Заглушка
100000004254434100,peripheral,0.5,4,0.403,Заглушка
100000004257714100,peripheral,0.5,4,0.4649,Заглушка
100000004260869100,peripheral,0.5,1,0.0841,Заглушка
100000004261340100,peripheral,0.5,1,0.4319,Заглушка
100000004263867100,peripheral,0.5,1,0.0641,Заглушка
100000004265639100,peripheral,0.5,1,0.0841,Заглушка
100000004268036100,peripheral,0.5,1,0.032,Заглушка
100000004269433100,peripheral,0.5,1,0.9562,Заглушка
100000004272302100,peripheral,0.5,1,0.0841,Заглушка
100000004278574100,peripheral,0.5,1,0.2751,Заглушка
100000004285800100,peripheral,0.5,1,0.145,Заглушка
100000004286573100,peripheral,0.5,1,0.1713,Заглушка
100000004291560100,peripheral,0.5,1,0.4264,Заглушка
100000004291663100,peripheral,0.5,1,0.2751,Заглушка
100000004292885100,peripheral,0.5,4,0.6272,Заглушка
100000004299488100,peripheral,0.5,1,0.968,Заглушка
100000004315838100,peripheral,0.5,1,0.4477,Заглушка
100000004318918100,peripheral,0.5,1,0.5374,Заглушка
100000004321983100,peripheral,0.5,1,0.3683,Заглушка
100000004325327100,peripheral,0.5,1,0.5271,Заглушка
100000004326224100,peripheral,0.5,1,0.496,Заглушка
100000004330371100,peripheral,0.5,1,0.7767,Заглушка
100000004331458100,peripheral,0.5,19,0.7685,Заглушка
100000004336228100,peripheral,0.5,1,0.4617,Заглушка
100000004336312100,peripheral,0.5,1,0.5738,Заглушка
100000004340038100,peripheral,0.5,1,0.4353,Заглушка
100000004350094100,peripheral,0.5,1,0.2153,Заглушка
100000004351795100,peripheral,0.5,1,0.9675,Заглушка
100000004356593100,peripheral,0.5,1,0.4477,Заглушка
100000004358004100,peripheral,0.5,1,0.9355,Заглушка
100000004360785100,peripheral,0.5,1,0.5832,Заглушка
100000004368189100,peripheral,0.5,1,0.8385,Заглушка
100000004377043100,peripheral,0.5,1,0.0343,Заглушка
100000004379306100,peripheral,0.5,1,0.145,Заглушка
100000004386258100,peripheral,0.5,1,0.5018,Заглушка
100000004386286100,peripheral,0.5,1,0.1174,Заглушка
100000004386331100,peripheral,0.5,1,0.2153,Заглушка
100000004388209100,peripheral,0.5,4,0.1081,Заглушка
100000004388353100,peripheral,0.5,1,0.504,Заглушка
100000004388983100,peripheral,0.5,21,0.8612,Заглушка
100000004390333100,peripheral,0.5,1,0.8803,Заглушка
100000004394765100,peripheral,0.5,1,0.9008,Заглушка
100000004398811100,peripheral,0.5,1,0.9395,Заглушка
100000004399686100,peripheral,0.5,1,0.9244,Заглушка
100000004400305100,peripheral,0.5,1,0.9973,Заглушка
100000004400361100,peripheral,0.5,1,0.0841,Заглушка
100000004400480100,peripheral,0.5,1,0.2375,Заглушка
100000004403548100,peripheral,0.5,1,0.0165,Заглушка
100000004403641100,peripheral,0.5,1,0.7033,Заглушка
100000004403675100,peripheral,0.5,1,0.7771,Заглушка
100000004407753100,peripheral,0.5,1,0.7685,Заглушка
100000004408683100,peripheral,0.5,1,0.6281,Заглушка
100000004410489100,peripheral,0.5,1,0.4751,Заглушка
100000004417753100,peripheral,0.5,1,0.7189,Заглушка
100000004418967100,peripheral,0.5,1,0.6005,Заглушка
100000004420041100,peripheral,0.5,1,0.9052,Заглушка
100000004424023100,peripheral,0.5,1,0.6005,Заглушка
100000004433250100,peripheral,0.5,1,0.0552,Заглушка
100000004435304100,peripheral,0.5,4,0.2956,Заглушка
100000004441291100,peripheral,0.5,1,0.2153,Заглушка
100000004445291100,peripheral,0.5,1,0.2035,Заглушка
100000004449824100,peripheral,0.5,1,0.0641,Заглушка
100000004450649100,peripheral,0.5,1,0.7193,Заглушка
100000004451012100,peripheral,0.5,1,0.5756,Заглушка
100000004456564100,peripheral,0.5,1,0.0841,Заглушка
100000004463277100,peripheral,0.5,6,0.3612,Заглушка
100000004467157100,peripheral,0.5,1,0.2153,Заглушка
100000004472936100,peripheral,0.5,1,0.0165,Заглушка
100000004475818100,peripheral,0.5,1,0.4742,Заглушка
100000004479404100,peripheral,0.5,1,0.9617,Заглушка
100000004480280100,peripheral,0.5,1,0.7985,Заглушка
100000004486525100,peripheral,0.5,1,0.8305,Заглушка
100000004488265100,peripheral,0.5,1,0.3777,Заглушка
100000004491749100,peripheral,0.5,1,0.4477,Заглушка
100000004491881100,peripheral,0.5,4,0.1755,Заглушка
100000004493586100,peripheral,0.5,1,0.0514,Заглушка
100000004494983100,peripheral,0.5,4,0.3612,Заглушка
100000004497606100,peripheral,0.5,4,0.1555,Заглушка
100000004500444100,peripheral,0.5,1,0.7066,Заглушка
100000004500781100,peripheral,0.5,1,0.5329,Заглушка
100000004502048100,peripheral,0.5,1,0.1272,Заглушка
100000004508696100,peripheral,0.5,1,0.6254,Заглушка
100000004509286100,peripheral,0.5,1,0.3848,Заглушка
100000004526651100,peripheral,0.5,1,0.3488,Заглушка
100000004527381100,peripheral,0.5,1,0.7843,Заглушка
100000004539443100,peripheral,0.5,1,0.5022,Заглушка
100000004544958100,peripheral,0.5,1,0.6982,Заглушка
100000004549591100,peripheral,0.5,1,0.4353,Заглушка
100000004552204100,peripheral,0.5,1,0.2433,Заглушка
100000004553349100,peripheral,0.5,1,0.0529,Заглушка
100000004559194100,peripheral,0.5,1,0.7909,Заглушка
100000004564736100,peripheral,0.5,1,0.145,Заглушка
100000004569484100,peripheral,0.5,1,0.6837,Заглушка
100000004569637100,peripheral,0.5,1,0.032,Заглушка
100000004571634100,peripheral,0.5,1,0.2153,Заглушка
100000004573782100,peripheral,0.5,1,0.145,Заглушка
100000004580202100,peripheral,0.5,1,0.409,Заглушка
100000004580254100,peripheral,0.5,1,0.3065,Заглушка
100000004584730100,peripheral,0.5,1,0.423,Заглушка
100000004586598100,peripheral,0.5,1,0.9193,Заглушка
100000004587414100,peripheral,0.5,1,0.8875,Заглушка
100000004588479100,peripheral,0.5,1,0.7055,Заглушка
100000004591973100,peripheral,0.5,1,0.6005,Заглушка
100000004592467100,peripheral,0.5,1,0.048,Заглушка
100000004596284100,peripheral,0.5,1,0.3263,Заглушка
100000004601193100,peripheral,0.5,1,0.5576,Заглушка
100000004603109100,peripheral,0.5,1,0.9849,Заглушка
100000004610802100,peripheral,0.5,1,0.7622,Заглушка
100000004611571100,peripheral,0.5,1,0.2438,Заглушка
100000004613582100,peripheral,0.5,1,0.0683,Заглушка
100000004616845100,peripheral,0.5,1,0.2275,Заглушка
100000004622227100,peripheral,0.5,1,0.2669,Заглушка
100000004629688100,peripheral,0.5,1,0.145,Заглушка
100000004634420100,peripheral,0.5,4,0.292,Заглушка
100000004635886100,peripheral,0.5,1,0.2467,Заглушка
100000004644615100,peripheral,0.5,1,0.8367,Заглушка
100000004652395100,peripheral,0.5,1,0.6103,Заглушка
100000004655046100,peripheral,0.5,1,0.2609,Заглушка
100000004657034100,peripheral,0.5,1,0.6644,Заглушка
100000004659919100,peripheral,0.5,1,0.6228,Заглушка
100000004662806100,peripheral,0.5,1,0.617,Заглушка
100000004664515100,peripheral,0.5,1,0.3746,Заглушка
100000004664905100,peripheral,0.5,1,0.8154,Заглушка
100000004666651100,peripheral,0.5,1,0.8528,Заглушка
100000004670388100,peripheral,0.5,1,0.9139,Заглушка
100000004671609100,peripheral,0.5,1,0.6005,Заглушка
100000004673335100,peripheral,0.5,1,0.5474,Заглушка
100000004674178100,peripheral,0.5,1,0.2153,Заглушка
100000004674389100,peripheral,0.5,1,0.145,Заглушка
100000004674412100,peripheral,0.5,1,0.4153,Заглушка
100000004674799100,peripheral,0.5,1,0.6599,Заглушка
100000004676985100,peripheral,0.5,1,0.347,Заглушка
100000004677680100,peripheral,0.5,1,0.6982,Заглушка
100000004679953100,peripheral,0.5,1,0.8221,Заглушка
100000004687099100,peripheral,0.5,1,0.3263,Заглушка
100000004687282100,peripheral,0.5,1,0.2153,Заглушка
100000004689658100,peripheral,0.5,1,0.8643,Заглушка
100000004691350100,peripheral,0.5,1,0.125,Заглушка
100000004692798100,peripheral,0.5,1,0.7616,Заглушка
100000004697956100,peripheral,0.5,1,0.0841,Заглушка
100000004698193100,peripheral,0.5,1,0.7451,Заглушка
100000004707703100,peripheral,0.5,1,0.7593,Заглушка
100000004713684100,peripheral,0.5,1,0.3734,Заглушка
100000004714705100,peripheral,0.5,1,0.3688,Заглушка
100000004715209100,peripheral,0.5,1,0.827,Заглушка
100000004717647100,peripheral,0.5,1,0.9778,Заглушка
100000004722630100,peripheral,0.5,1,0.8207,Заглушка
100000004722765100,peripheral,0.5,1,0.9786,Заглушка
100000004723755100,peripheral,0.5,1,0.5852,Заглушка
100000004726132100,peripheral,0.5,1,0.8243,Заглушка
100000004732589100,peripheral,0.5,1,0.7473,Заглушка
100000004737477100,peripheral,0.5,1,0.4382,Заглушка
100000004737764100,peripheral,0.5,1,0.899,Заглушка
100000004739664100,peripheral,0.5,4,0.1105,Заглушка
100000004741837100,peripheral,0.5,1,0.2869,Заглушка
100000004744306100,peripheral,0.5,1,0.5767,Заглушка
100000004746397100,peripheral,0.5,1,0.7438,Заглушка
100000004747154100,peripheral,0.5,1,0.516,Заглушка
100000004750321100,peripheral,0.5,1,0.4564,Заглушка
100000004750897100,peripheral,0.5,1,0.0841,Заглушка
100000004756901100,peripheral,0.5,1,0.6806,Заглушка
100000004759121100,peripheral,0.5,1,0.9119,Заглушка
100000004765639100,peripheral,0.5,1,0.1036,Заглушка
100000004770073100,peripheral,0.5,1,0.03,Заглушка
100000004777215100,peripheral,0.5,1,0.496,Заглушка
100000004779204100,peripheral,0.5,1,0.335,Заглушка
100000004780083100,peripheral,0.5,1,0.0698,Заглушка
100000004780327100,peripheral,0.5,1,0.1105,Заглушка
100000004783447100,peripheral,0.5,4,0.2956,Заглушка
100000004784224100,peripheral,0.5,1,0.6005,Заглушка
100000004788983100,peripheral,0.5,1,0.3027,Заглушка
100000004790991100,peripheral,0.5,1,0.7598,Заглушка
100000004791226100,peripheral,0.5,1,0.2153,Заглушка
100000004792397100,peripheral,0.5,4,0.532,Заглушка
100000004797167100,peripheral,0.5,1,0.3379,Заглушка
100000004798515100,peripheral,0.5,1,0.7304,Заглушка
100000004800452100,peripheral,0.5,1,0.0436,Заглушка
100000004800648100,peripheral,0.5,1,0.6486,Заглушка
100000004806903100,peripheral,0.5,1,0.1922,Заглушка
100000004813068100,peripheral,0.5,1,0.8005,Заглушка
100000004816564100,peripheral,0.5,1,0.7923,Заглушка
100000004820260100,peripheral,0.5,1,0.7527,Заглушка
100000004825069100,peripheral,0.5,4,0.3263,Заглушка
100000004840086100,peripheral,0.5,1,0.6005,Заглушка
100000004841728100,peripheral,0.5,4,0.4644,Заглушка
100000004847758100,peripheral,0.5,1,0.8732,Заглушка
100000004848236100,peripheral,0.5,1,0.0514,Заглушка
100000004850609100,peripheral,0.5,1,0.0841,Заглушка
100000004856746100,peripheral,0.5,1,0.2153,Заглушка
100000004877085100,peripheral,0.5,1,0.5872,Заглушка
100000004889043100,peripheral,0.5,1,0.7834,Заглушка
100000004890713100,peripheral,0.5,1,0.3897,Заглушка
100000004891562100,peripheral,0.5,1,0.6121,Заглушка
100000004892144100,peripheral,0.5,1,0.9947,Заглушка
100000004904960100,peripheral,0.5,1,0.3454,Заглушка
100000004905207100,peripheral,0.5,1,0.8376,Заглушка
100000004906181100,peripheral,0.5,1,0.9822,Заглушка
100000004908173100,peripheral,0.5,1,0.2327,Заглушка
100000004911971100,peripheral,0.5,1,0.3612,Заглушка
100000004917367100,peripheral,0.5,1,0.6366,Заглушка
100000004921657100,peripheral,0.5,1,0.2402,Заглушка
100000004931931100,peripheral,0.5,1,0.409,Заглушка
100000004948177100,peripheral,0.5,1,0.8563,Заглушка
100000004950490100,peripheral,0.5,1,0.0841,Заглушка
100000004959752100,peripheral,0.5,1,0.2415,Заглушка
100000004962193100,peripheral,0.5,1,0.9324,Заглушка
100000004970752100,peripheral,0.5,1,0.0841,Заглушка
100000004971871100,peripheral,0.5,10,0.2856,Заглушка
100000004975919100,peripheral,0.5,1,0.2424,Заглушка
100000004976946100,peripheral,0.5,1,0.7649,Заглушка
100000004979264100,peripheral,0.5,1,0.3812,Заглушка
100000004979283100,peripheral,0.5,1,0.3883,Заглушка
100000004979498100,peripheral,0.5,12,0.9104,Заглушка
100000004981068100,peripheral,0.5,1,0.0841,Заглушка
100000004984689100,peripheral,0.5,1,0.4693,Заглушка
100000004988240100,peripheral,0.5,1,0.2153,Заглушка
100000004991593100,peripheral,0.5,1,0.409,Заглушка
100000004991812100,peripheral,0.5,1,0.0841,Заглушка
100000004993576100,peripheral,0.5,1,0.6966,Заглушка
100000004997515100,peripheral,0.5,1,0.843,Заглушка
100000005008589100,peripheral,0.5,1,0.3981,Заглушка
100000005010159100,peripheral,0.5,1,0.0503,Заглушка
100000005017150100,peripheral,0.5,22,0.0044,Заглушка
100000005022552100,peripheral,0.5,1,0.7622,Заглушка
100000005022964100,peripheral,0.5,1,0.2153,Заглушка
100000005025629100,peripheral,0.5,1,0.0267,Заглушка
100000005030592100,peripheral,0.5,1,0.0841,Заглушка
100000005031696100,peripheral,0.5,1,0.6308,Заглушка
100000005032294100,peripheral,0.5,1,0.0841,Заглушка
100000005034574100,peripheral,0.5,21,0.7736,Заглушка
100000005037490100,peripheral,0.5,1,0.3263,Заглушка
100000005041147100,peripheral,0.5,1,0.0841,Заглушка
100000005041905100,peripheral,0.5,4,0.9422,Заглушка
100000005042822100,peripheral,0.5,1,0.9375,Заглушка
100000005048668100,peripheral,0.5,1,0.6855,Заглушка
100000005049404100,peripheral,0.5,1,0.5912,Заглушка
100000005052998100,peripheral,0.5,1,0.3107,Заглушка
100000005053653100,peripheral,0.5,1,0.5044,Заглушка
100000005055454100,peripheral,0.5,6,0.0427,Заглушка
100000005056870100,peripheral,0.5,11,0.2153,Заглушка
100000005059998100,peripheral,0.5,1,0.1922,Заглушка
100000005061890100,peripheral,0.5,1,0.5712,Заглушка
100000005074393100,peripheral,0.5,1,0.9079,Заглушка
100000005075949100,peripheral,0.5,1,0.9773,Заглушка
100000005077484100,peripheral,0.5,6,0.6739,Заглушка
100000005079473100,peripheral,0.5,1,0.3794,Заглушка
100000005079754100,peripheral,0.5,1,0.6395,Заглушка
100000005082652100,peripheral,0.5,1,0.3263,Заглушка
100000005087431100,peripheral,0.5,23,0.0044,Заглушка
100000005087923100,peripheral,0.5,1,0.2153,Заглушка
100000005089460100,peripheral,0.5,4,0.1152,Заглушка
100000005092518100,peripheral,0.5,4,0.2903,Заглушка
100000005093521100,peripheral,0.5,1,0.1519,Заглушка
100000005100475100,peripheral,0.5,1,0.3848,Заглушка
100000005105153100,peripheral,0.5,1,0.3263,Заглушка
100000005124479100,peripheral,0.5,1,0.6561,Заглушка
100000005127767100,peripheral,0.5,1,0.048,Заглушка
100000005133757100,peripheral,0.5,1,0.5093,Заглушка
100000005140601100,peripheral,0.5,1,0.722,Заглушка
100000005142492100,peripheral,0.5,1,0.4864,Заглушка
100000005142589100,peripheral,0.5,1,0.4477,Заглушка
100000005146665100,peripheral,0.5,1,0.032,Заглушка
100000005168487100,peripheral,0.5,1,0.6125,Заглушка
100000005171642100,peripheral,0.5,1,0.9088,Заглушка
100000005172860100,peripheral,0.5,1,0.1526,Заглушка
100000005175148100,peripheral,0.5,1,0.5454,Заглушка
100000005182219100,peripheral,0.5,1,0.48,Заглушка
100000005183943100,peripheral,0.5,5,0.9075,Заглушка
100000005186109100,peripheral,0.5,1,0.0165,Заглушка
100000005186131100,peripheral,0.5,1,0.0841,Заглушка
100000005187208100,peripheral,0.5,1,0.133,Заглушка
100000005189258100,peripheral,0.5,1,0.4477,Заглушка
100000005198498100,peripheral,0.5,4,0.3132,Заглушка
100000005198906100,peripheral,0.5,1,0.7478,Заглушка
100000005203590100,peripheral,0.5,1,0.5712,Заглушка
100000005205745100,peripheral,0.5,1,0.0376,Заглушка
100000005209352100,peripheral,0.5,1,0.0165,Заглушка
100000005222360100,peripheral,0.5,1,0.3027,Заглушка
100000005226217100,peripheral,0.5,1,0.1813,Заглушка
100000005228059100,peripheral,0.5,4,0.2883,Заглушка
100000005233755100,peripheral,0.5,1,0.2751,Заглушка
100000005235389100,peripheral,0.5,24,0.0044,Заглушка
100000005237935150,peripheral,0.5,1,0.3559,Заглушка
100000005241556100,peripheral,0.5,1,0.6005,Заглушка
100000005242320100,peripheral,0.5,1,0.9987,Заглушка
100000005264874100,peripheral,0.5,1,0.5445,Заглушка
100000005264990100,peripheral,0.5,1,0.6395,Заглушка
100000005265073100,peripheral,0.5,1,0.0641,Заглушка
100000005268319100,peripheral,0.5,1,0.5747,Заглушка
100000005272139100,peripheral,0.5,1,0.6928,Заглушка
100000005287097100,peripheral,0.5,1,0.9093,Заглушка
100000005293969100,peripheral,0.5,1,0.03,Заглушка
100000005308954100,peripheral,0.5,1,0.5173,Заглушка
100000005314565100,peripheral,0.5,1,0.7431,Заглушка
100000005316708100,peripheral,0.5,1,0.7731,Заглушка
100000005317181100,peripheral,0.5,1,0.6644,Заглушка
100000005326681100,peripheral,0.5,1,0.3403,Заглушка
100000005328215100,peripheral,0.5,1,0.3027,Заглушка
100000005339662100,peripheral,0.5,1,0.7976,Заглушка
100000005342513100,peripheral,0.5,4,0.7544,Заглушка
100000005357034100,peripheral,0.5,1,0.0694,Заглушка
100000005357705100,peripheral,0.5,1,0.8403,Заглушка
100000005360814100,peripheral,0.5,1,0.6673,Заглушка
100000005362848100,peripheral,0.5,1,0.3152,Заглушка
100000005363908100,peripheral,0.5,19,0.2035,Заглушка
100000005367180100,peripheral,0.5,1,0.0523,Заглушка
100000005367284100,peripheral,0.5,1,0.4306,Заглушка
100000005367445100,peripheral,0.5,1,0.0165,Заглушка
100000005370558100,peripheral,0.5,1,0.0165,Заглушка
100000005370580100,peripheral,0.5,1,0.2647,Заглушка
100000005375968100,peripheral,0.5,1,0.7028,Заглушка
100000005382566100,peripheral,0.5,1,0.8421,Заглушка
100000005386383100,peripheral,0.5,1,0.3734,Заглушка
100000005392290100,peripheral,0.5,17,0.5514,Заглушка
100000005394708100,peripheral,0.5,1,0.5093,Заглушка
100000005395727100,peripheral,0.5,1,0.1728,Заглушка
100000005402643100,peripheral,0.5,1,0.6446,Заглушка
100000005409156100,peripheral,0.5,1,0.7745,Заглушка
100000005409680100,peripheral,0.5,1,0.4822,Заглушка
100000005413948100,peripheral,0.5,1,0.3092,Заглушка
100000005417257100,peripheral,0.5,1,0.6165,Заглушка
100000005432267100,peripheral,0.5,1,0.8265,Заглушка
100000005454368100,peripheral,0.5,1,0.4331,Заглушка
100000005456919100,peripheral,0.5,2,0.8692,Заглушка
100000005473151100,peripheral,0.5,1,0.9484,Заглушка
100000005474472100,peripheral,0.5,1,0.6005,Заглушка
100000005475379100,peripheral,0.5,1,0.6188,Заглушка
100000005480435100,peripheral,0.5,25,0.0044,Заглушка
100000005481280100,peripheral,0.5,1,0.4477,Заглушка
100000005485830100,peripheral,0.5,11,0.786,Заглушка
100000005493505100,peripheral,0.5,1,0.5027,Заглушка
100000005495211100,peripheral,0.5,1,0.1352,Заглушка
100000005495722100,peripheral,0.5,26,0.0044,Заглушка
100000005496254100,peripheral,0.5,1,0.1188,Заглушка
100000005497148100,peripheral,0.5,1,0.2609,Заглушка
100000005498992100,peripheral,0.5,1,0.9782,Заглушка
100000005505655100,peripheral,0.5,1,0.3492,Заглушка
100000005507142100,peripheral,0.5,1,0.6005,Заглушка
100000005514161100,peripheral,0.5,1,0.8461,Заглушка
100000005519347100,peripheral,0.5,1,0.5921,Заглушка
100000005519998100,peripheral,0.5,1,0.7151,Заглушка
100000005523088100,peripheral,0.5,1,0.9104,Заглушка
100000005527892100,peripheral,0.5,1,0.891,Заглушка
100000005530114100,peripheral,0.5,1,0.6544,Заглушка
100000005532138100,peripheral,0.5,1,0.2829,Заглушка
100000005539201100,peripheral,0.5,1,0.4137,Заглушка
100000005539910100,peripheral,0.5,1,0.6108,Заглушка
100000005543136100,peripheral,0.5,1,0.0841,Заглушка
100000005546031100,peripheral,0.5,19,0.5156,Заглушка
100000005547096100,peripheral,0.5,19,0.7469,Заглушка
100000005550592100,peripheral,0.5,27,0.0044,Заглушка
100000005553088100,peripheral,0.5,1,0.1813,Заглушка
100000005560900100,peripheral,0.5,28,0.0044,Заглушка
100000005561741100,peripheral,0.5,1,0.2751,Заглушка
100000005567828100,peripheral,0.5,1,0.5807,Заглушка
100000005568407100,peripheral,0.5,29,0.0044,Заглушка
100000005572303100,peripheral,0.5,1,0.5345,Заглушка
100000005578559100,peripheral,0.5,1,0.9315,Заглушка
100000005584222100,peripheral,0.5,1,0.7198,Заглушка
100000005588444100,peripheral,0.5,1,0.1152,Заглушка
100000005589319100,peripheral,0.5,1,0.2883,Заглушка
100000005602999100,peripheral,0.5,1,0.1641,Заглушка
100000005608515100,peripheral,0.5,1,0.5058,Заглушка
100000005610717100,peripheral,0.5,1,0.8714,Заглушка
100000005612411100,peripheral,0.5,1,0.8808,Заглушка
100000005614315100,peripheral,0.5,1,0.8625,Заглушка
100000005616568100,peripheral,0.5,1,0.8868,Заглушка
100000005619339100,peripheral,0.5,1,0.0294,Заглушка
100000005620225100,peripheral,0.5,1,0.4395,Заглушка
100000005621418100,peripheral,0.5,1,0.3263,Заглушка
100000005628518100,peripheral,0.5,1,0.5427,Заглушка
100000005634552100,peripheral,0.5,1,0.948,Заглушка
100000005636951100,peripheral,0.5,1,0.3848,Заглушка
100000005660203100,peripheral,0.5,1,0.8946,Заглушка
100000005661528100,peripheral,0.5,1,0.2751,Заглушка
100000005661829100,peripheral,0.5,1,0.3892,Заглушка
100000005664632100,peripheral,0.5,1,0.7251,Заглушка
100000005664922100,peripheral,0.5,1,0.8879,Заглушка
100000005665181100,peripheral,0.5,1,0.7091,Заглушка
100000005667841100,peripheral,0.5,1,0.7126,Заглушка
100000005668605100,peripheral,0.5,1,0.5821,Заглушка
100000005669845100,peripheral,0.5,6,0.2153,Заглушка
100000005674387100,peripheral,0.5,4,0.2956,Заглушка
100000005685783100,peripheral,0.5,4,0.292,Заглушка
100000005704413100,peripheral,0.5,1,0.9555,Заглушка
100000005709551100,peripheral,0.5,1,0.266,Заглушка
100000005711521100,peripheral,0.5,1,0.7573,Заглушка
100000005723580100,peripheral,0.5,1,0.3612,Заглушка
100000005730108100,peripheral,0.5,1,0.0552,Заглушка
100000005744674100,peripheral,0.5,1,0.4555,Заглушка
100000005745873100,peripheral,0.5,1,0.746,Заглушка
100000005754335100,peripheral,0.5,1,0.4012,Заглушка
100000005756189100,peripheral,0.5,1,0.5093,Заглушка
100000005756535100,peripheral,0.5,4,0.2153,Заглушка
100000005767403100,peripheral,0.5,1,0.9435,Заглушка
100000005778283100,peripheral,0.5,1,0.9026,Заглушка
100000005782781100,peripheral,0.5,1,0.9502,Заглушка
100000005782886100,peripheral,0.5,1,0.1301,Заглушка
100000005783452100,peripheral,0.5,1,0.794,Заглушка
100000005799271100,peripheral,0.5,1,0.409,Заглушка
100000005807278100,peripheral,0.5,11,0.0574,Заглушка
100000005809252100,peripheral,0.5,1,0.2751,Заглушка
100000005815602100,peripheral,0.5,1,0.6928,Заглушка
100000005820746100,peripheral,0.5,1,0.9746,Заглушка
100000005830339100,peripheral,0.5,1,0.8674,Заглушка
100000005834479100,peripheral,0.5,1,0.1348,Заглушка
100000005844459100,peripheral,0.5,1,0.7633,Заглушка
100000005847078100,peripheral,0.5,4,0.167,Заглушка
100000005849100100,peripheral,0.5,1,0.3501,Заглушка
100000005849862100,peripheral,0.5,1,0.1219,Заглушка
100000005852946100,peripheral,0.5,1,0.258,Заглушка
100000005857058100,peripheral,0.5,1,0.5489,Заглушка
100000005873152100,peripheral,0.5,1,0.0841,Заглушка
100000005877725100,peripheral,0.5,4,0.5218,Заглушка
100000005878334100,peripheral,0.5,1,0.5396,Заглушка
100000005882013100,peripheral,0.5,1,0.6526,Заглушка
100000005888829100,peripheral,0.5,1,0.7229,Заглушка
100000005893892100,peripheral,0.5,1,0.6117,Заглушка
100000005895525100,peripheral,0.5,11,0.6366,Заглушка
100000005897462100,peripheral,0.5,1,0.5916,Заглушка
100000005901606100,peripheral,0.5,4,0.3652,Заглушка
100000005904580100,peripheral,0.5,1,0.5298,Заглушка
100000005910114100,peripheral,0.5,1,0.96,Заглушка
100000005910895100,peripheral,0.5,1,0.0251,Заглушка
100000005911352100,peripheral,0.5,1,0.2609,Заглушка
100000005931985100,peripheral,0.5,1,0.5387,Заглушка
100000005932987100,peripheral,0.5,1,0.2751,Заглушка
100000005933757100,peripheral,0.5,1,0.9871,Заглушка
100000005939154100,peripheral,0.5,1,0.2391,Заглушка
100000005940652100,peripheral,0.5,1,0.0581,Заглушка
100000005941908100,peripheral,0.5,1,0.0841,Заглушка
100000005942793100,peripheral,0.5,1,0.48,Заглушка
100000005958064100,peripheral,0.5,1,0.6899,Заглушка
100000005961971100,peripheral,0.5,4,0.4275,Заглушка
100000005974542100,peripheral,0.5,1,0.5821,Заглушка
100000005979037100,peripheral,0.5,1,0.4991,Заглушка
100000005995391100,peripheral,0.5,4,0.1782,Заглушка
100000005996909100,peripheral,0.5,1,0.032,Заглушка
100000006008169100,peripheral,0.5,1,0.5218,Заглушка
100000006020215100,peripheral,0.5,1,0.3519,Заглушка
100000006030946100,peripheral,0.5,4,0.5311,Заглушка
100000006048193100,peripheral,0.5,1,0.3941,Заглушка
100000006069103100,peripheral,0.5,1,0.7829,Заглушка
100000006100920100,peripheral,0.5,1,0.6005,Заглушка
100000006111439100,peripheral,0.5,1,0.2609,Заглушка
100000006111442100,peripheral,0.5,1,0.5058,Заглушка
100000006122699100,peripheral,0.5,1,0.4141,Заглушка
100000006126743100,peripheral,0.5,1,0.48,Заглушка
100000006161893100,peripheral,0.5,1,0.1301,Заглушка
100000006165886100,peripheral,0.5,1,0.7109,Заглушка
100000006169033100,peripheral,0.5,1,0.9462,Заглушка
100000006171671100,peripheral,0.5,1,0.0841,Заглушка
100000006177176100,peripheral,0.5,1,0.0618,Заглушка
100000006209210100,peripheral,0.5,1,0.7487,Заглушка
100000006225798100,peripheral,0.5,1,0.915,Заглушка
100000006232642100,peripheral,0.5,1,0.8639,Заглушка
100000006232815100,peripheral,0.5,6,0.7992,Заглушка
100000006240939100,peripheral,0.5,1,0.9208,Заглушка
100000006248077100,peripheral,0.5,1,0.4477,Заглушка
100000006249740100,peripheral,0.5,30,0.5796,Заглушка
100000006257675100,peripheral,0.5,1,0.5218,Заглушка
100000006274203100,peripheral,0.5,1,0.9907,Заглушка
100000006288612100,peripheral,0.5,1,0.3363,Заглушка
100000006308406100,peripheral,0.5,1,0.7104,Заглушка
100000006326645100,peripheral,0.5,4,0.2838,Заглушка
100000006351075100,peripheral,0.5,1,0.3848,Заглушка
100000006369769100,peripheral,0.5,4,0.3848,Заглушка
100000006381453100,peripheral,0.5,1,0.409,Заглушка
100000006385877100,peripheral,0.5,1,0.4729,Заглушка
100000006412162100,peripheral,0.5,1,0.145,Заглушка
100000006416061100,peripheral,0.5,1,0.3263,Заглушка
100000006424479100,peripheral,0.5,1,0.8777,Заглушка
100000006443391100,peripheral,0.5,1,0.5636,Заглушка
100000006444163100,peripheral,0.5,1,0.0396,Заглушка
100000006445501100,peripheral,0.5,1,0.5747,Заглушка
100000006446271100,peripheral,0.5,1,0.5474,Заглушка
100000006471232100,peripheral,0.5,4,0.395,Заглушка
100000006476758100,peripheral,0.5,1,0.026,Заглушка
100000006490557100,peripheral,0.5,1,0.0165,Заглушка
100000006490615100,peripheral,0.5,1,0.3946,Заглушка
100000006491272100,peripheral,0.5,4,0.2956,Заглушка
100000006491963100,peripheral,0.5,1,0.1641,Заглушка
100000006492770100,peripheral,0.5,1,0.782,Заглушка
100000006512787100,peripheral,0.5,1,0.2153,Заглушка
100000006518161100,peripheral,0.5,1,0.8968,Заглушка
100000006522972100,peripheral,0.5,1,0.069,Заглушка
100000006523053100,peripheral,0.5,1,0.0165,Заглушка
100000006527156100,peripheral,0.5,1,0.4319,Заглушка
100000006530134100,peripheral,0.5,1,0.6681,Заглушка
100000006532229100,peripheral,0.5,1,0.615,Заглушка
100000006534886100,peripheral,0.5,1,0.6971,Заглушка
100000006557763100,peripheral,0.5,1,0.0841,Заглушка
100000006562026100,peripheral,0.5,30,0.5345,Заглушка
100000006564102100,peripheral,0.5,1,0.7522,Заглушка
100000006567935100,peripheral,0.5,1,0.7304,Заглушка
100000006573438100,peripheral,0.5,1,0.0165,Заглушка
100000006579678100,peripheral,0.5,1,0.9657,Заглушка
100000006595426100,peripheral,0.5,1,0.5587,Заглушка
100000006612238100,peripheral,0.5,4,0.6873,Заглушка
100000006638021100,peripheral,0.5,1,0.8407,Заглушка
100000006641671100,peripheral,0.5,1,0.2751,Заглушка
100000006656003100,peripheral,0.5,4,0.2153,Заглушка
100000006658598100,peripheral,0.5,1,0.0641,Заглушка
100000006664478100,peripheral,0.5,1,0.496,Заглушка
100000006679055100,peripheral,0.5,1,0.2751,Заглушка
100000006684930100,peripheral,0.5,1,0.0841,Заглушка
100000006687202100,peripheral,0.5,1,0.4477,Заглушка
100000006689603100,peripheral,0.5,1,0.845,Заглушка
100000006693788100,peripheral,0.5,1,0.101,Заглушка
100000006701983100,peripheral,0.5,4,0.3027,Заглушка
100000006704530100,peripheral,0.5,1,0.8608,Заглушка
100000006706519100,peripheral,0.5,1,0.3674,Заглушка
100000006707582100,peripheral,0.5,1,0.9351,Заглушка
100000006710485100,peripheral,0.5,4,0.2153,Заглушка
100000006714366100,peripheral,0.5,1,0.0999,Заглушка
100000006734214100,peripheral,0.5,1,0.9017,Заглушка
100000006734554100,peripheral,0.5,6,0.2751,Заглушка
100000006735545100,peripheral,0.5,1,0.0165,Заглушка
100000006745291100,peripheral,0.5,1,0.5547,Заглушка
100000006746688100,peripheral,0.5,4,0.3919,Заглушка
100000006755850100,peripheral,0.5,1,0.8577,Заглушка
100000006756956100,peripheral,0.5,1,0.6388,Заглушка
100000006787636100,peripheral,0.5,1,0.2153,Заглушка
100000006788200100,peripheral,0.5,1,0.7838,Заглушка
100000006789108100,peripheral,0.5,1,0.3734,Заглушка
100000006831291100,peripheral,0.5,30,0.145,Заглушка
100000006844004100,peripheral,0.5,1,0.2295,Заглушка
100000006844768100,peripheral,0.5,1,0.7903,Заглушка
100000006852430100,peripheral,0.5,1,0.3708,Заглушка
100000006866783100,peripheral,0.5,1,0.992,Заглушка
100000006866831100,peripheral,0.5,1,0.1695,Заглушка
100000006882208100,peripheral,0.5,1,0.1922,Заглушка
100000006888238100,peripheral,0.5,10,0.3263,Заглушка
100000006889963100,peripheral,0.5,1,0.9582,Заглушка
100000006894637100,peripheral,0.5,1,0.4666,Заглушка
100000006901046100,peripheral,0.5,1,0.5378,Заглушка
100000006903193100,peripheral,0.5,1,0.0641,Заглушка
100000006912294100,peripheral,0.5,1,0.3263,Заглушка
100000006918814100,peripheral,0.5,1,0.2153,Заглушка
100000006919124100,peripheral,0.5,1,0.2751,Заглушка
100000006952718100,peripheral,0.5,1,0.5289,Заглушка
100000006965162100,peripheral,0.5,1,0.0841,Заглушка
100000006967370100,peripheral,0.5,1,0.3496,Заглушка
100000006972210100,peripheral,0.5,1,0.8728,Заглушка
100000006977207100,peripheral,0.5,1,0.9929,Заглушка
100000006989106100,peripheral,0.5,1,0.5058,Заглушка
100000006989232100,peripheral,0.5,1,0.2407,Заглушка
100000006994985100,peripheral,0.5,1,0.4319,Заглушка
100000007005380100,peripheral,0.5,1,0.0676,Заглушка
100000007018630100,peripheral,0.5,8,0.7304,Заглушка
100000007020162100,peripheral,0.5,1,0.5632,Заглушка
100000007022818100,peripheral,0.5,4,0.1782,Заглушка
100000007034089100,peripheral,0.5,1,0.7242,Заглушка
100000007042175100,peripheral,0.5,1,0.496,Заглушка
100000007055802100,peripheral,0.5,1,0.9755,Заглушка
100000007071852100,peripheral,0.5,1,0.7215,Заглушка
100000007129492100,peripheral,0.5,1,0.4586,Заглушка
100000007131370100,peripheral,0.5,1,0.3263,Заглушка
100000007138613100,peripheral,0.5,1,0.9386,Заглушка
100000007140834100,peripheral,0.5,1,0.0988,Заглушка
100000007153161100,peripheral,0.5,1,0.4052,Заглушка
100000007170072100,peripheral,0.5,1,0.6005,Заглушка
100000007173936100,peripheral,0.5,1,0.0841,Заглушка
100000007175718100,peripheral,0.5,11,0.2153,Заглушка
100000007181706100,peripheral,0.5,1,0.7046,Заглушка
100000007197866100,peripheral,0.5,1,0.2153,Заглушка
100000007229557100,peripheral,0.5,1,0.9302,Заглушка
100000007242833100,peripheral,0.5,1,0.6179,Заглушка
100000007267915100,peripheral,0.5,1,0.2327,Заглушка
100000007274584100,peripheral,0.5,1,0.3759,Заглушка
100000007281639100,peripheral,0.5,1,0.7424,Заглушка
100000007283257100,peripheral,0.5,21,0.7184,Заглушка
100000007289427100,peripheral,0.5,1,0.1152,Заглушка
100000007303047100,peripheral,0.5,4,0.4653,Заглушка
100000007311010100,peripheral,0.5,1,0.5071,Заглушка
100000007322059100,peripheral,0.5,1,0.3152,Заглушка
100000007330432100,peripheral,0.5,1,0.8964,Заглушка
100000007333038100,peripheral,0.5,1,0.359,Заглушка
100000007334196100,peripheral,0.5,1,0.677,Заглушка
100000007337374100,peripheral,0.5,4,0.2153,Заглушка
100000007347733100,peripheral,0.5,30,0.2478,Заглушка
100000007357489100,peripheral,0.5,1,0.6904,Заглушка
100000007381662100,peripheral,0.5,1,0.1036,Заглушка
100000007382152100,peripheral,0.5,1,0.0351,Заглушка
100000007382543100,peripheral,0.5,1,0.8523,Заглушка
100000007390016100,peripheral,0.5,1,0.8826,Заглушка
100000007392365100,peripheral,0.5,1,0.9689,Заглушка
100000007442518100,peripheral,0.5,1,0.9938,Заглушка
100000007472293100,peripheral,0.5,1,0.8238,Заглушка
100000007484343100,peripheral,0.5,1,0.3003,Заглушка
100000007487729100,peripheral,0.5,1,0.2751,Заглушка
100000007507343100,peripheral,0.5,12,0.8332,Заглушка
100000007510567100,peripheral,0.5,1,0.4633,Заглушка
100000007510875100,peripheral,0.5,1,0.0165,Заглушка
100000007511163100,peripheral,0.5,1,0.5529,Заглушка
100000007511780100,peripheral,0.5,1,0.6831,Заглушка
100000007534354100,peripheral,0.5,1,0.6704,Заглушка
100000007536804100,peripheral,0.5,1,0.6005,Заглушка
100000007539296100,peripheral,0.5,1,0.4153,Заглушка
100000007544358100,peripheral,0.5,1,0.8256,Заглушка
100000007591246100,peripheral,0.5,1,0.6366,Заглушка
100000007593823100,peripheral,0.5,1,0.6886,Заглушка
100000007594394100,peripheral,0.5,1,0.9902,Заглушка
100000007597382100,peripheral,0.5,1,0.1601,Заглушка
100000007617808100,peripheral,0.5,1,0.8601,Заглушка
100000007618425100,peripheral,0.5,1,0.3799,Заглушка
100000007629096100,peripheral,0.5,1,0.9417,Заглушка
100000007629121100,peripheral,0.5,1,0.3152,Заглушка
100000007631637100,peripheral,0.5,4,0.1535,Заглушка
100000007639767100,peripheral,0.5,1,0.9257,Заглушка
100000007641183100,peripheral,0.5,1,0.3078,Заглушка
100000007641801100,peripheral,0.5,1,0.7304,Заглушка
100000007647294100,peripheral,0.5,1,0.839,Заглушка
100000007648946100,peripheral,0.5,1,0.2751,Заглушка
100000007653003100,peripheral,0.5,1,0.6005,Заглушка
100000007653094100,peripheral,0.5,1,0.1641,Заглушка
100000007689942100,peripheral,0.5,1,0.2751,Заглушка
100000007731977100,peripheral,0.5,1,0.4477,Заглушка
100000007737775100,peripheral,0.5,1,0.0376,Заглушка
100000007745062100,peripheral,0.5,1,0.6005,Заглушка
100000007747786100,peripheral,0.5,1,0.9933,Заглушка
100000007749092100,peripheral,0.5,1,0.5262,Заглушка
100000007749747100,peripheral,0.5,1,0.4477,Заглушка
100000007754369100,peripheral,0.5,1,0.5543,Заглушка
100000007777377100,peripheral,0.5,1,0.8648,Заглушка
100000007793871100,peripheral,0.5,1,0.2883,Заглушка
100000007797290100,peripheral,0.5,1,0.6005,Заглушка
100000007811950100,peripheral,0.5,1,0.4477,Заглушка
100000007841978100,peripheral,0.5,1,0.8594,Заглушка
100000007861311100,peripheral,0.5,1,0.409,Заглушка
100000007863304100,peripheral,0.5,1,0.2751,Заглушка
100000007864477100,peripheral,0.5,1,0.7362,Заглушка
100000007865484100,peripheral,0.5,1,0.8959,Заглушка
100000007867364100,peripheral,0.5,1,0.3955,Заглушка
100000007898453100,peripheral,0.5,1,0.8136,Заглушка
100000007908818100,peripheral,0.5,1,0.9155,Заглушка
100000007930878100,peripheral,0.5,5,0.0165,Заглушка
100000007938486100,peripheral,0.5,4,0.3803,Заглушка
100000007939160100,peripheral,0.5,5,0.9226,Заглушка
100000007953156100,peripheral,0.5,1,0.1922,Заглушка
100000007960337100,peripheral,0.5,1,0.3643,Заглушка
100000007982728100,peripheral,0.5,1,0.9693,Заглушка
100000007982908100,peripheral,0.5,4,0.339,Заглушка
100000007988344100,peripheral,0.5,1,0.2153,Заглушка
100000007997939100,peripheral,0.5,1,0.1219,Заглушка
100000007998965100,peripheral,0.5,1,0.7869,Заглушка
100000007999728100,peripheral,0.5,1,0.2496,Заглушка
100000008002020100,peripheral,0.5,1,0.5325,Заглушка
100000008003034100,peripheral,0.5,1,0.6526,Заглушка
100000008008463100,peripheral,0.5,1,0.476,Заглушка
100000008011159100,peripheral,0.5,1,0.831,Заглушка
100000008011573100,peripheral,0.5,1,0.145,Заглушка
100000008027922100,peripheral,0.5,1,0.5218,Заглушка
100000008028628100,peripheral,0.5,4,0.4871,Заглушка
100000008029279100,peripheral,0.5,1,0.1728,Заглушка
100000008038077100,peripheral,0.5,1,0.8754,Заглушка
100000008042075100,peripheral,0.5,1,0.0165,Заглушка
100000008043184100,peripheral,0.5,1,0.4577,Заглушка
100000008050986100,peripheral,0.5,1,0.5852,Заглушка
100000008055972100,peripheral,0.5,4,0.3098,Заглушка
100000008060273100,peripheral,0.5,1,0.0841,Заглушка
100000008066326100,peripheral,0.5,1,0.2024,Заглушка
100000008070101100,peripheral,0.5,1,0.6005,Заглушка
100000008071620100,peripheral,0.5,1,0.4213,Заглушка
100000008071749100,peripheral,0.5,1,0.2673,Заглушка
100000008074304100,peripheral,0.5,1,0.032,Заглушка
100000008077552100,peripheral,0.5,1,0.7402,Заглушка
100000008086440100,peripheral,0.5,1,0.7269,Заглушка
100000008088082100,peripheral,0.5,1,0.4477,Заглушка
100000008094734100,peripheral,0.5,1,0.7562,Заглушка
100000008097580100,peripheral,0.5,1,0.3454,Заглушка
100000008104567100,peripheral,0.5,1,0.4713,Заглушка
100000008106997100,peripheral,0.5,1,0.3648,Заглушка
100000008111003100,peripheral,0.5,1,0.7456,Заглушка
100000008116374100,peripheral,0.5,1,0.3407,Заглушка
100000008117324100,peripheral,0.5,31,0.0044,Заглушка
100000008121806100,peripheral,0.5,1,0.766,Заглушка
100000008129393100,peripheral,0.5,30,0.0841,Заглушка
100000008130868100,peripheral,0.5,1,0.2447,Заглушка
100000008136608100,peripheral,0.5,1,0.7015,Заглушка
100000008137435100,peripheral,0.5,1,0.9573,Заглушка
100000008141170100,peripheral,0.5,1,0.1036,Заглушка
100000008144528100,peripheral,0.5,1,0.9408,Заглушка
100000008151098100,peripheral,0.5,1,0.3263,Заглушка
100000008165763100,peripheral,0.5,1,0.9511,Заглушка
100000008168850100,peripheral,0.5,1,0.7142,Заглушка
100000008169544100,peripheral,0.5,1,0.6552,Заглушка
100000008172352100,peripheral,0.5,1,0.7958,Заглушка
100000008172721100,peripheral,0.5,1,0.6993,Заглушка
100000008173359100,peripheral,0.5,1,0.0409,Заглушка
100000008174521100,peripheral,0.5,1,0.5534,Заглушка
100000008175078100,peripheral,0.5,1,0.9706,Заглушка
100000008183752100,peripheral,0.5,1,0.6599,Заглушка
100000008188026100,peripheral,0.5,1,0.8181,Заглушка
100000008190411100,peripheral,0.5,1,0.7246,Заглушка
100000008190442100,peripheral,0.5,4,0.1219,Заглушка
100000008192264100,peripheral,0.5,1,0.7142,Заглушка
100000008193258100,peripheral,0.5,1,0.5345,Заглушка
100000008193577100,peripheral,0.5,2,0.8701,Заглушка
100000008200810100,peripheral,0.5,1,0.867,Заглушка
100000008205000100,peripheral,0.5,32,0.0044,Заглушка
100000008205937100,peripheral,0.5,1,0.3612,Заглушка
100000008213966100,peripheral,0.5,1,0.8556,Заглушка
100000008219168100,peripheral,0.5,1,0.4702,Заглушка
100000008221543100,peripheral,0.5,1,0.8888,Заглушка
100000008221765100,peripheral,0.5,1,0.6842,Заглушка
100000008223661100,peripheral,0.5,1,0.7754,Заглушка
100000008223756100,peripheral,0.5,1,0.8163,Заглушка
100000008229700100,peripheral,0.5,1,0.2513,Заглушка
100000008232832100,peripheral,0.5,1,0.8176,Заглушка
100000008237827100,peripheral,0.5,1,0.3879,Заглушка
100000008238112100,peripheral,0.5,1,0.7169,Заглушка
100000008238989100,peripheral,0.5,1,0.7304,Заглушка
100000008244300100,peripheral,0.5,1,0.512,Заглушка
100000008251939100,peripheral,0.5,1,0.4021,Заглушка
100000008254069100,peripheral,0.5,1,0.6179,Заглушка
100000008254576100,peripheral,0.5,1,0.496,Заглушка
100000008255655100,peripheral,0.5,1,0.0289,Заглушка
100000008258083100,peripheral,0.5,1,0.9889,Заглушка
100000008258458100,peripheral,0.5,1,0.964,Заглушка
100000008259451100,peripheral,0.5,1,0.48,Заглушка
100000008279405100,peripheral,0.5,1,0.754,Заглушка
100000008283183100,peripheral,0.5,4,0.3152,Заглушка
100000008289539100,peripheral,0.5,1,0.1383,Заглушка
100000008293431100,peripheral,0.5,1,0.8005,Заглушка
100000008295429100,peripheral,0.5,1,0.8274,Заглушка
100000008297199100,peripheral,0.5,1,0.3964,Заглушка
100000008304115100,peripheral,0.5,1,0.4597,Заглушка
100000008304139100,peripheral,0.5,1,0.9666,Заглушка
100000008306857100,peripheral,0.5,1,0.6421,Заглушка
100000008308418100,peripheral,0.5,1,0.4477,Заглушка
100000008309514100,peripheral,0.5,4,0.1782,Заглушка
100000008314203100,peripheral,0.5,1,0.8381,Заглушка
100000008314863100,peripheral,0.5,1,0.1105,Заглушка
100000008321975100,peripheral,0.5,1,0.0356,Заглушка
100000008324800100,peripheral,0.5,1,0.8852,Заглушка
100000008327791100,peripheral,0.5,1,0.1036,Заглушка
100000008331280100,peripheral,0.5,1,0.3919,Заглушка
100000008332511100,peripheral,0.5,1,0.6005,Заглушка
100000008333492100,peripheral,0.5,1,0.742,Заглушка
100000008335401100,peripheral,0.5,1,0.6739,Заглушка
100000008336318100,peripheral,0.5,1,0.7015,Заглушка
100000008337304100,peripheral,0.5,1,0.6157,Заглушка
100000008343415100,peripheral,0.5,1,0.6005,Заглушка
100000008343874100,peripheral,0.5,1,0.7914,Заглушка
100000008346837100,peripheral,0.5,1,0.9497,Заглушка
100000008349675100,peripheral,0.5,1,0.4199,Заглушка
100000008349740100,peripheral,0.5,1,0.5218,Заглушка
100000008352542100,peripheral,0.5,1,0.4569,Заглушка
100000008356606100,peripheral,0.5,1,0.6997,Заглушка
100000008376089100,peripheral,0.5,1,0.6526,Заглушка
100000008376785100,peripheral,0.5,1,0.7533,Заглушка
100000008379273100,peripheral,0.5,1,0.3759,Заглушка
100000008383405100,peripheral,0.5,1,0.2751,Заглушка
100000008388049100,peripheral,0.5,1,0.875,Заглушка
100000008389800100,peripheral,0.5,1,0.8465,Заглушка
100000008405209100,peripheral,0.5,1,0.4769,Заглушка
100000008406609100,peripheral,0.5,1,0.3539,Заглушка
100000008413748100,peripheral,0.5,1,0.9569,Заглушка
100000008416433100,peripheral,0.5,1,0.2153,Заглушка
100000008417029100,peripheral,0.5,1,0.6005,Заглушка
100000008417359100,peripheral,0.5,1,0.6246,Заглушка
100000008418835100,peripheral,0.5,1,0.9562,Заглушка
100000008418934100,peripheral,0.5,1,0.8296,Заглушка
100000008422226100,peripheral,0.5,1,0.5645,Заглушка
100000008427027100,peripheral,0.5,1,0.8043,Заглушка
100000008430691100,peripheral,0.5,1,0.9012,Заглушка
100000008432942100,peripheral,0.5,1,0.4048,Заглушка
100000008436257100,peripheral,0.5,1,0.3612,Заглушка
100000008438656100,peripheral,0.5,1,0.5474,Заглушка
100000008443341100,peripheral,0.5,1,0.4477,Заглушка
100000008454065100,peripheral,0.5,1,0.264,Заглушка
100000008459449100,peripheral,0.5,1,0.4724,Заглушка
100000008460102100,peripheral,0.5,1,0.8683,Заглушка
100000008461217100,peripheral,0.5,1,0.1922,Заглушка
100000008461532100,peripheral,0.5,1,0.9835,Заглушка
100000008463968100,peripheral,0.5,4,0.0841,Заглушка
100000008465789100,peripheral,0.5,1,0.9715,Заглушка
100000008466579100,peripheral,0.5,1,0.9731,Заглушка
100000008468762100,peripheral,0.5,1,0.7015,Заглушка
100000008469048100,peripheral,0.5,1,0.778,Заглушка
100000008470470100,peripheral,0.5,4,0.3505,Заглушка
100000008471634100,peripheral,0.5,1,0.2153,Заглушка
100000008472324100,peripheral,0.5,1,0.7371,Заглушка
100000008473207100,peripheral,0.5,1,0.7353,Заглушка
100000008473765100,peripheral,0.5,1,0.3263,Заглушка
100000008474308100,peripheral,0.5,1,0.1301,Заглушка
100000008474391100,peripheral,0.5,1,0.2153,Заглушка
100000008477350100,peripheral,0.5,1,0.9898,Заглушка
100000008478414100,peripheral,0.5,4,0.0841,Заглушка
100000008486520100,peripheral,0.5,1,0.3661,Заглушка
100000008488166100,peripheral,0.5,4,0.0338,Заглушка
100000008489604100,peripheral,0.5,4,0.1036,Заглушка
100000008489922100,peripheral,0.5,1,0.9911,Заглушка
100000008490127100,peripheral,0.5,1,0.9342,Заглушка
100000008491390100,peripheral,0.5,1,0.3674,Заглушка
100000008493007100,peripheral,0.5,4,0.292,Заглушка
100000008497298100,peripheral,0.5,1,0.899,Заглушка
100000008501413100,peripheral,0.5,1,0.0251,Заглушка
100000008502995100,peripheral,0.5,1,0.2751,Заглушка
100000008503177100,peripheral,0.5,1,0.3523,Заглушка
100000008507703100,peripheral,0.5,4,0.3116,Заглушка
100000008512552100,peripheral,0.5,1,0.952,Заглушка
100000008512827100,peripheral,0.5,1,0.9738,Заглушка
100000008513251100,peripheral,0.5,33,0.0044,Заглушка
100000008514970100,peripheral,0.5,1,0.8372,Заглушка
100000008516839100,peripheral,0.5,1,0.6831,Заглушка
100000008517061100,peripheral,0.5,1,0.9702,Заглушка
100000008517538100,peripheral,0.5,1,0.9591,Заглушка
100000008522127100,peripheral,0.5,1,0.6693,Заглушка
100000008524903100,peripheral,0.5,1,0.145,Заглушка
100000008525136100,peripheral,0.5,1,0.1326,Заглушка
100000008531133100,peripheral,0.5,1,0.6846,Заглушка
100000008531186100,peripheral,0.5,1,0.6421,Заглушка
100000008532050100,peripheral,0.5,1,0.863,Заглушка
100000008536546100,peripheral,0.5,1,0.7685,Заглушка
100000008537380100,peripheral,0.5,4,0.0552,Заглушка
100000008545727100,peripheral,0.5,1,0.972,Заглушка
100000008546855100,peripheral,0.5,1,0.5294,Заглушка
100000008547295100,peripheral,0.5,1,0.145,Заглушка
100000008547844100,peripheral,0.5,1,0.9764,Заглушка
100000008547948100,peripheral,0.5,1,0.996,Заглушка
100000008548853100,peripheral,0.5,4,0.1301,Заглушка
100000008551752100,peripheral,0.5,1,0.8474,Заглушка
100000008554390100,peripheral,0.5,1,0.1301,Заглушка
100000008555233100,peripheral,0.5,1,0.8572,Заглушка
100000008555918100,peripheral,0.5,1,0.6575,Заглушка
100000008556318100,peripheral,0.5,1,0.7077,Заглушка
100000008557672100,peripheral,0.5,4,0.4368,Заглушка
100000008560263100,peripheral,0.5,1,0.6005,Заглушка
100000008560717100,peripheral,0.5,1,0.8861,Заглушка
100000008561016100,peripheral,0.5,1,0.7117,Заглушка
100000008566737100,peripheral,0.5,1,0.7493,Заглушка
100000008568512100,peripheral,0.5,1,0.7264,Заглушка
100000008571243100,peripheral,0.5,1,0.6517,Заглушка
100000008571433100,peripheral,0.5,12,0.9586,Заглушка
100000008571443100,peripheral,0.5,1,0.5093,Заглушка
100000008575624100,peripheral,0.5,19,0.5681,Заглушка
100000008576243100,peripheral,0.5,1,0.5552,Заглушка
100000008576528100,peripheral,0.5,1,0.3078,Заглушка
100000008579978100,peripheral,0.5,1,0.5427,Заглушка
100000008582730100,peripheral,0.5,1,0.0165,Заглушка
100000008583360100,peripheral,0.5,1,0.7015,Заглушка
100000008583971100,peripheral,0.5,1,0.4597,Заглушка
100000008586731100,peripheral,0.5,1,0.1105,Заглушка
100000008587459100,peripheral,0.5,1,0.9084,Заглушка
100000008588665100,peripheral,0.5,1,0.2751,Заглушка
100000008595687100,peripheral,0.5,1,0.5067,Заглушка
100000008596924100,peripheral,0.5,1,0.6005,Заглушка
100000008598972100,peripheral,0.5,1,0.6366,Заглушка
100000008599354100,peripheral,0.5,1,0.7051,Заглушка
100000008601794100,peripheral,0.5,9,0.9286,Заглушка
100000008603331100,peripheral,0.5,1,0.9173,Заглушка
100000008603629100,peripheral,0.5,1,0.9956,Заглушка
100000008612257100,peripheral,0.5,1,0.0683,Заглушка
100000008619159100,peripheral,0.5,1,0.8585,Заглушка
100000008619857100,peripheral,0.5,1,0.3152,Заглушка
100000008620570100,peripheral,0.5,1,0.6693,Заглушка
100000008624978100,peripheral,0.5,1,0.6203,Заглушка
100000008625905100,peripheral,0.5,1,0.9039,Заглушка
100000008628231100,peripheral,0.5,1,0.9035,Заглушка
100000008628818100,peripheral,0.5,1,0.4181,Заглушка
100000008629504100,peripheral,0.5,1,0.2153,Заглушка
100000008629581100,peripheral,0.5,1,0.4764,Заглушка
100000008631800100,peripheral,0.5,1,0.1201,Заглушка
100000008632060100,peripheral,0.5,1,0.8198,Заглушка
100000008633099100,peripheral,0.5,1,0.2028,Заглушка
100000008634520100,peripheral,0.5,1,0.5712,Заглушка
100000008636603100,peripheral,0.5,1,0.6851,Заглушка
100000008637537100,peripheral,0.5,1,0.98,Заглушка
100000008638859100,peripheral,0.5,1,0.3539,Заглушка
100000008647905100,peripheral,0.5,1,0.8225,Заглушка
100000008648783100,peripheral,0.5,1,0.026,Заглушка
100000008649416100,peripheral,0.5,1,0.0165,Заглушка
100000008650785100,peripheral,0.5,1,0.6383,Заглушка
100000008652094100,peripheral,0.5,1,0.3612,Заглушка
100000008653041100,peripheral,0.5,4,0.3078,Заглушка
100000008654653100,peripheral,0.5,1,0.4751,Заглушка
100000008655035100,peripheral,0.5,1,0.3263,Заглушка
100000008655779100,peripheral,0.5,1,0.423,Заглушка
100000008656043100,peripheral,0.5,4,0.2956,Заглушка
100000008659445100,peripheral,0.5,2,0.9293,Заглушка
100000008659950100,peripheral,0.5,1,0.7649,Заглушка
100000008661550100,peripheral,0.5,4,0.2451,Заглушка
100000008661585100,peripheral,0.5,4,0.3986,Заглушка
100000008662216100,peripheral,0.5,4,0.2956,Заглушка
100000008662805100,peripheral,0.5,4,0.1695,Заглушка
100000008663007100,peripheral,0.5,4,0.1301,Заглушка
100000008663723100,peripheral,0.5,4,0.1579,Заглушка
100000008664469100,peripheral,0.5,1,0.2751,Заглушка
100000008664774100,peripheral,0.5,4,0.167,Заглушка
100000008665380100,peripheral,0.5,1,0.5178,Заглушка
100000008666075100,peripheral,0.5,4,0.298,Заглушка
100000008667058100,peripheral,0.5,4,0.1831,Заглушка
100000008667795100,peripheral,0.5,4,0.3539,Заглушка
100000008667799100,peripheral,0.5,4,0.3539,Заглушка
100000008668099100,peripheral,0.5,4,0.1601,Заглушка
100000008669037100,peripheral,0.5,34,0.0044,Заглушка
100000008669310100,peripheral,0.5,1,0.4929,Заглушка
100000008670667100,peripheral,0.5,4,0.1555,Заглушка
100000008671026100,peripheral,0.5,4,0.2524,Заглушка
100000008671081100,peripheral,0.5,4,0.3723,Заглушка
100000008671129100,peripheral,0.5,4,0.2956,Заглушка
100000008671929100,peripheral,0.5,1,0.5345,Заглушка
100000008672162100,peripheral,0.5,4,0.1568,Заглушка
100000008672200100,peripheral,0.5,4,0.0605,Заглушка
100000008672480100,peripheral,0.5,4,0.1219,Заглушка
100000008672493100,peripheral,0.5,4,0.1301,Заглушка
100000008672603100,peripheral,0.5,1,0.2355,Заглушка
100000008672762100,peripheral,0.5,4,0.1219,Заглушка
100000008673001100,peripheral,0.5,1,0.5474,Заглушка
100000008675322100,peripheral,0.5,1,0.8207,Заглушка
100000008676812100,peripheral,0.5,1,0.75,Заглушка
100000008677215100,peripheral,0.5,1,0.0641,Заглушка
100000008677368100,peripheral,0.5,1,0.1259,Заглушка
100000008677518100,peripheral,0.5,4,0.4337,Заглушка
100000008679986100,peripheral,0.5,4,0.2002,Заглушка
100000008680061100,peripheral,0.5,1,0.3932,Заглушка
100000008680451100,peripheral,0.5,4,0.2524,Заглушка
100000008680731100,peripheral,0.5,1,0.9595,Заглушка
100000008680912100,peripheral,0.5,1,0.4128,Заглушка
100000008682426100,peripheral,0.5,1,0.2153,Заглушка
100000008683818100,peripheral,0.5,4,0.1806,Заглушка
100000008684452100,peripheral,0.5,4,0.4626,Заглушка
100000008684767100,peripheral,0.5,4,0.3396,Заглушка
100000008684951100,peripheral,0.5,4,0.1782,Заглушка
100000008686214100,peripheral,0.5,1,0.2751,Заглушка
100000008686234100,peripheral,0.5,1,0.3808,Заглушка
100000008686247100,peripheral,0.5,1,0.2391,Заглушка
100000008686313100,peripheral,0.5,1,0.9724,Заглушка
100000008686494100,peripheral,0.5,4,0.1601,Заглушка
100000008687492100,peripheral,0.5,4,0.145,Заглушка
100000008687617100,peripheral,0.5,4,0.399,Заглушка
100000008687671100,peripheral,0.5,4,0.3734,Заглушка
100000008687733100,peripheral,0.5,4,0.137,Заглушка
100000008687990100,peripheral,0.5,4,0.1851,Заглушка
100000008688109100,peripheral,0.5,4,0.1197,Заглушка
100000008688155100,peripheral,0.5,4,0.2533,Заглушка
100000008688476100,peripheral,0.5,4,0.2609,Заглушка
100000008688881100,peripheral,0.5,4,0.4017,Заглушка
100000008690762100,peripheral,0.5,4,0.2998,Заглушка
100000008690932100,peripheral,0.5,4,0.2467,Заглушка
100000008691027100,peripheral,0.5,4,0.1831,Заглушка
100000008691168100,peripheral,0.5,4,0.2609,Заглушка
100000008691330100,peripheral,0.5,4,0.2367,Заглушка
100000008691495100,peripheral,0.5,4,0.3027,Заглушка
100000008692291100,peripheral,0.5,1,0.6873,Заглушка
100000008693069100,peripheral,0.5,4,0.2153,Заглушка
100000008695133100,peripheral,0.5,4,0.3692,Заглушка
100000008695157100,peripheral,0.5,1,0.8519,Заглушка
100000008695495100,peripheral,0.5,4,0.2327,Заглушка
100000008695566100,peripheral,0.5,4,0.3514,Заглушка
100000008695689100,peripheral,0.5,4,0.2956,Заглушка
100000008696692100,peripheral,0.5,4,0.2002,Заглушка
100000008696919100,peripheral,0.5,4,0.3439,Заглушка
100000008697670100,peripheral,0.5,4,0.2851,Заглушка
100000008699083100,peripheral,0.5,1,0.7582,Заглушка
100000008701222100,peripheral,0.5,35,0.0044,Заглушка
100000008701256100,peripheral,0.5,1,0.4907,Заглушка
100000008701944100,peripheral,0.5,1,0.464,Заглушка
100000008703533100,peripheral,0.5,1,0.5345,Заглушка
100000008706846100,peripheral,0.5,4,0.1337,Заглушка
100000008706947100,peripheral,0.5,4,0.1782,Заглушка
100000008707810100,peripheral,0.5,4,0.2956,Заглушка
100000008708025100,peripheral,0.5,1,0.0841,Заглушка
100000008708061100,peripheral,0.5,4,0.0609,Заглушка
100000008708207100,peripheral,0.5,1,0.8665,Заглушка
100000008708368100,peripheral,0.5,4,0.2558,Заглушка
100000008708595100,peripheral,0.5,4,0.1782,Заглушка
100000008708743100,peripheral,0.5,4,0.1568,Заглушка
100000008710791100,peripheral,0.5,1,0.9969,Заглушка
100000008710843100,peripheral,0.5,1,0.9742,Заглушка
100000008710913100,peripheral,0.5,1,0.1301,Заглушка
100000008712036100,peripheral,0.5,4,0.2327,Заглушка
100000008712184100,peripheral,0.5,4,0.1922,Заглушка
100000008712827100,peripheral,0.5,4,0.5387,Заглушка
100000008712991100,peripheral,0.5,4,0.5129,Заглушка
100000008713270100,peripheral,0.5,1,0.7169,Заглушка
100000008713685100,peripheral,0.5,4,0.4391,Заглушка
100000008714412100,peripheral,0.5,1,0.7002,Заглушка
100000008715513100,peripheral,0.5,1,0.3476,Заглушка
100000008715887100,peripheral,0.5,4,0.1922,Заглушка
100000008716072100,peripheral,0.5,4,0.113,Заглушка
100000008716222100,peripheral,0.5,4,0.1922,Заглушка
100000008716439100,peripheral,0.5,4,0.1139,Заглушка
100000008716773100,peripheral,0.5,4,0.159,Заглушка
100000008717340100,peripheral,0.5,4,0.3937,Заглушка
100000008717341100,peripheral,0.5,4,0.1361,Заглушка
100000008717375100,peripheral,0.5,1,0.3181,Заглушка
100000008717802100,peripheral,0.5,4,0.292,Заглушка
100000008718089100,peripheral,0.5,4,0.1555,Заглушка
100000008718811100,peripheral,0.5,4,0.5316,Заглушка
100000008720668100,peripheral,0.5,4,0.1641,Заглушка
100000008720798100,peripheral,0.5,4,0.1555,Заглушка
100000008720856100,peripheral,0.5,1,0.4153,Заглушка
100000008721637100,peripheral,0.5,1,0.6437,Заглушка
100000008722328100,peripheral,0.5,4,0.2558,Заглушка
100000008722417100,peripheral,0.5,1,0.9139,Заглушка
100000008722541100,peripheral,0.5,1,0.7885,Заглушка
100000008723830100,peripheral,0.5,1,0.8652,Заглушка
100000008724279100,peripheral,0.5,1,0.1077,Заглушка
100000008724461100,peripheral,0.5,1,0.647,Заглушка
100000008727982100,peripheral,0.5,1,0.3263,Заглушка
100000008728457100,peripheral,0.5,1,0.409,Заглушка
100000008729597100,peripheral,0.5,1,0.5556,Заглушка
100000008729801100,peripheral,0.5,4,0.1831,Заглушка
100000008730021100,peripheral,0.5,1,0.5369,Заглушка
100000008730238100,peripheral,0.5,1,0.629,Заглушка
100000008730371100,peripheral,0.5,1,0.8846,Заглушка
100000008730846100,peripheral,0.5,1,0.8314,Заглушка
100000008731444100,peripheral,0.5,1,0.9306,Заглушка
100000008732098100,peripheral,0.5,4,0.159,Заглушка
100000008732488100,peripheral,0.5,1,0.6548,Заглушка
100000008733049100,peripheral,0.5,1,0.0841,Заглушка
100000008733194100,peripheral,0.5,1,0.7714,Заглушка
100000008734279100,peripheral,0.5,1,0.343,Заглушка
100000008734364100,peripheral,0.5,4,0.2956,Заглушка
100000008735384100,peripheral,0.5,4,0.379,Заглушка
100000008735802100,peripheral,0.5,1,0.5601,Заглушка
100000008735832100,peripheral,0.5,4,0.1851,Заглушка
100000008736173100,peripheral,0.5,4,0.3385,Заглушка
100000008736394100,peripheral,0.5,4,0.1641,Заглушка
100000008736760100,peripheral,0.5,4,0.4778,Заглушка
100000008736940100,peripheral,0.5,2,0.8617,Заглушка
100000008737422100,peripheral,0.5,4,0.5405,Заглушка
100000008737514100,peripheral,0.5,1,0.5601,Заглушка
100000008737958100,peripheral,0.5,4,0.4706,Заглушка
100000008738325100,peripheral,0.5,1,0.4751,Заглушка
100000008738526100,peripheral,0.5,1,0.6599,Заглушка
100000008738658100,peripheral,0.5,4,0.3185,Заглушка
100000008739887100,peripheral,0.5,1,0.8103,Заглушка
100000008740295100,peripheral,0.5,1,0.8043,Заглушка
100000008740793100,peripheral,0.5,4,0.2327,Заглушка
100000008741372100,peripheral,0.5,4,0.3665,Заглушка
100000008742053100,peripheral,0.5,1,0.9853,Заглушка
100000008742266100,peripheral,0.5,4,0.2327,Заглушка
100000008743913100,peripheral,0.5,1,0.9711,Заглушка
100000008744364100,peripheral,0.5,4,0.2571,Заглушка
100000008744799100,peripheral,0.5,4,0.1183,Заглушка
100000008744849100,peripheral,0.5,4,0.403,Заглушка
100000008745474100,peripheral,0.5,4,0.391,Заглушка
100000008745489100,peripheral,0.5,4,0.4827,Заглушка
100000008745643100,peripheral,0.5,4,0.2282,Заглушка
100000008745676100,peripheral,0.5,4,0.357,Заглушка
100000008745725100,peripheral,0.5,4,0.4255,Заглушка
100000008745863100,peripheral,0.5,4,0.2456,Заглушка
100000008745884100,peripheral,0.5,4,0.2153,Заглушка
100000008746025100,peripheral,0.5,4,0.2391,Заглушка
100000008746449100,peripheral,0.5,1,0.9391,Заглушка
100000008746673100,peripheral,0.5,4,0.4698,Заглушка
100000008747113100,peripheral,0.5,1,0.7238,Заглушка
100000008748408100,peripheral,0.5,1,0.9622,Заглушка
100000008748795100,peripheral,0.5,1,0.4248,Заглушка
100000008748914100,peripheral,0.5,1,0.9942,Заглушка
100000008749063100,peripheral,0.5,4,0.2002,Заглушка
100000008749405100,peripheral,0.5,4,0.3717,Заглушка
100000008749406100,peripheral,0.5,4,0.1755,Заглушка
100000008749618100,peripheral,0.5,4,0.427,Заглушка
100000008749900100,peripheral,0.5,4,0.1766,Заглушка
100000008749989100,peripheral,0.5,4,0.1641,Заглушка
100000008750464100,peripheral,0.5,4,0.0592,Заглушка
100000008751349100,peripheral,0.5,1,0.1072,Заглушка
100000008751380100,peripheral,0.5,1,0.8234,Заглушка
100000008751429100,peripheral,0.5,2,0.8394,Заглушка
100000008752616100,peripheral,0.5,1,0.9506,Заглушка
100000008753061100,peripheral,0.5,4,0.3107,Заглушка
100000008753193100,peripheral,0.5,4,0.3639,Заглушка
100000008753897100,peripheral,0.5,4,0.264,Заглушка
100000008754608100,peripheral,0.5,4,0.1152,Заглушка
100000008754747100,peripheral,0.5,4,0.4133,Заглушка
100000008754997100,peripheral,0.5,4,0.1922,Заглушка
100000008755168100,peripheral,0.5,4,0.1851,Заглушка
100000008755361100,peripheral,0.5,4,0.1361,Заглушка
100000008755580100,peripheral,0.5,4,0.1641,Заглушка
100000008755754100,peripheral,0.5,1,0.048,Заглушка
100000008757301100,peripheral,0.5,1,0.4913,Заглушка
100000008757369100,peripheral,0.5,1,0.4913,Заглушка
100000008758106100,peripheral,0.5,1,0.0841,Заглушка
100000008758168100,peripheral,0.5,1,0.9635,Заглушка
100000008758607100,peripheral,0.5,1,0.0165,Заглушка
100000008759795100,peripheral,0.5,1,0.1728,Заглушка
100000008759857100,peripheral,0.5,1,0.9359,Заглушка
100000008760098100,peripheral,0.5,1,0.8412,Заглушка
100000008761132100,peripheral,0.5,1,0.0841,Заглушка
100000008761219100,peripheral,0.5,1,0.8347,Заглушка
100000008761220100,peripheral,0.5,1,0.0841,Заглушка
100000008762005100,peripheral,0.5,1,0.0165,Заглушка
100000008762728100,peripheral,0.5,1,0.1744,Заглушка
100000008762832100,peripheral,0.5,1,0.6739,Заглушка
100000008762843100,peripheral,0.5,1,0.048,Заглушка
100000008762885100,peripheral,0.5,1,0.048,Заглушка
100000008763688100,peripheral,0.5,4,0.2327,Заглушка
100000008764436100,peripheral,0.5,4,0.1241,Заглушка
100000008764654100,peripheral,0.5,4,0.292,Заглушка
100000008765494100,peripheral,0.5,4,0.2609,Заглушка
100000008765627100,peripheral,0.5,1,0.496,Заглушка
100000008766031100,peripheral,0.5,1,0.0165,Заглушка
100000008766764100,peripheral,0.5,1,0.0165,Заглушка
100000008767027100,peripheral,0.5,1,0.0165,Заглушка
100000008767065100,peripheral,0.5,1,0.0841,Заглушка
100000008767925100,peripheral,0.5,4,0.1755,Заглушка
100000008767950100,peripheral,0.5,4,0.1797,Заглушка
100000008768896100,peripheral,0.5,4,0.4255,Заглушка
100000008769097100,peripheral,0.5,4,0.3396,Заглушка
100000008769636100,peripheral,0.5,4,0.2482,Заглушка
100000008770483100,peripheral,0.5,1,0.0165,Заглушка
100000008771627100,peripheral,0.5,4,0.1695,Заглушка
100000008771814100,peripheral,0.5,4,0.2571,Заглушка
100000008771819100,peripheral,0.5,4,0.3781,Заглушка
100000008772058100,peripheral,0.5,4,0.4477,Заглушка
100000008772246100,peripheral,0.5,4,0.4041,Заглушка
100000008773876100,peripheral,0.5,4,0.2896,Заглушка
100000008774237100,peripheral,0.5,7,0.4477,Заглушка
100000008775471100,peripheral,0.5,1,0.895,Заглушка
100000008775747100,peripheral,0.5,1,0.0165,Заглушка
100000008776298100,peripheral,0.5,4,0.3977,Заглушка
100000008776310100,peripheral,0.5,4,0.202,Заглушка
100000008776420100,peripheral,0.5,4,0.5182,Заглушка
100000008776576100,peripheral,0.5,4,0.1375,Заглушка
100000008776720100,peripheral,0.5,4,0.292,Заглушка
100000008777088100,peripheral,0.5,4,0.1922,Заглушка
100000008778010100,peripheral,0.5,4,0.5411,Заглушка
100000008778753100,peripheral,0.5,1,0.0841,Заглушка
100000008779584100,peripheral,0.5,4,0.3412,Заглушка
100000008782056100,peripheral,0.5,4,0.3167,Заглушка
100000008782421100,peripheral,0.5,4,0.4386,Заглушка
100000008782800100,peripheral,0.5,4,0.3995,Заглушка
